"SOG","Pair","dN_lichen","dS_lichen","omega_lichen","dN_ref","dS_ref","omega_ref","ENC_prime","K_relax","ln_K","padj_relax","Result_relax","dS_elevated","dN_elevated","sig_flag"
"OG0003405","Symbiochloris",0.0808,1.5151,0.0533,0.0972,2.6745,0.0363,49.2599188287012,0.999968459155529,-3.15413418941062e-05,1,"Not Significant",FALSE,FALSE,FALSE
"OG0003441","Symbiochloris",0.0736,2.2737,0.0324,0.0797,1.4482,0.055,52.3946540136648,1.36494767565693,0.311116095050137,0.211042483618264,"Not Significant",TRUE,FALSE,FALSE
"OG0003443","Symbiochloris",0.1445,2.3658,0.0611,0.1374,2.5178,0.0546,50.3546611241502,0.81966759914356,-0.198856387805307,0.337665875152683,"Not Significant",FALSE,TRUE,FALSE
"OG0003452","Symbiochloris",0.0105,1.5315,0.0069,0.0311,0.9585,0.0324,48.5208556970431,7.16953965116762,1.96984144769224,0.275961911317982,"Not Significant",TRUE,FALSE,FALSE
"OG0003462","Symbiochloris",0.0474,0.8079,0.0587,0.0585,0.4775,0.1226,49.6181563943071,2.80149564323332,1.03015343286701,0.289725703873375,"Not Significant",TRUE,FALSE,FALSE
"OG0003465","Symbiochloris",0.0609,1.061,0.0574,0.0564,0.4456,0.1265,47.3250057656468,1.24052218950232,0.215532411536951,0.622296709994639,"Not Significant",TRUE,TRUE,FALSE
"OG0003467","Symbiochloris",0.0458,1.2943,0.0354,0.0395,0.8647,0.0456,46.8975002470166,1.03569217685226,0.0350699730959575,0.87453195894126,"Not Significant",TRUE,TRUE,FALSE
"OG0003469","Symbiochloris",0.0355,1.1987,0.0296,0.0208,0.6259,0.0332,47.5035672076587,0.76809116879389,-0.26384684351282,0.412348688862386,"Not Significant",TRUE,TRUE,FALSE
"OG0003473","Symbiochloris",0.0751,0.8181,0.0918,0.0887,0.6065,0.1462,49.1442912998432,1.28430181857807,0.250215238843091,0.337665875152683,"Not Significant",TRUE,FALSE,FALSE
"OG0003483","Symbiochloris",0.0387,1.5957,0.0242,0.0494,1.1068,0.0446,47.7377468311194,13.4789651197972,2.60113033100868,0.197181051764095,"Not Significant",TRUE,FALSE,FALSE
"OG0003487","Symbiochloris",0.0947,1.5599,0.0607,0.0919,1.4605,0.0629,48.6731673335171,1.20222252154211,0.184171945054264,0.837895427308285,"Not Significant",TRUE,TRUE,FALSE
"OG0003492","Symbiochloris",0.0427,1.2913,0.0331,0.051,0.8001,0.0638,47.1515310473107,50,3.91202300542815,0.0449796331571953,"Intensified",TRUE,FALSE,TRUE
"OG0003494","Symbiochloris",0.0321,0.993,0.0323,0.0471,0.9329,0.0505,48.7064660414583,1.45871958744205,0.377559056032523,0.316692682491755,"Not Significant",TRUE,FALSE,FALSE
"OG0003503","Symbiochloris",0.0907,1.6954,0.0535,0.0627,1.0038,0.0625,52.0811452665603,0.949258881338673,-0.0520737237499984,0.938326891370286,"Not Significant",TRUE,TRUE,FALSE
"OG0003509","Symbiochloris",0.0862,1.1781,0.0732,0.0886,1.2994,0.0682,48.6937698711279,1.14371152346465,0.13427869635509,0.611074652063955,"Not Significant",FALSE,FALSE,FALSE
"OG0003512","Symbiochloris",0.0413,1.6889,0.0245,0.0391,0.8715,0.0449,51.1227344370738,1.21925319180643,0.198238533448705,0.234839352415136,"Not Significant",TRUE,TRUE,FALSE
"OG0003519","Symbiochloris",0.0158,1.1566,0.0137,0.0192,0.5635,0.0341,47.371921744237,1.39380404104868,0.332036729321194,0.325786839538672,"Not Significant",TRUE,FALSE,FALSE
"OG0003520","Symbiochloris",0.042,1.0836,0.0387,0.0515,0.9024,0.0571,46.2743042100345,1.19497486016868,0.178125147646435,0.333748973594904,"Not Significant",TRUE,FALSE,FALSE
"OG0003524","Symbiochloris",0.0282,0.6222,0.0453,0.0715,1.0765,0.0664,51.129363841052,3.40815519964795,1.22617114773297,0.0471856537934839,"Intensified",FALSE,FALSE,TRUE
"OG0003531","Symbiochloris",0.0389,0.7278,0.0535,0.0579,1.6065,0.0361,51.9974286091026,0.886587013396656,-0.120376004424914,0.888386733024459,"Not Significant",FALSE,FALSE,FALSE
"OG0003539","Symbiochloris",0.0153,1.672,0.0092,0.0249,0.7101,0.035,52.320205818155,1.25834278165222,0.229795602602478,0.460660446236967,"Not Significant",TRUE,FALSE,FALSE
"OG0003571","Symbiochloris",0.0091,1.4856,0.0061,0.0209,0.8987,0.0233,50.695317995425,1.27478969384499,0.242781219001371,0.316692682491755,"Not Significant",TRUE,FALSE,FALSE
"OG0003605","Symbiochloris",0.0995,2.9598,0.0336,0.0398,1.1691,0.0341,46.5114111146094,0.666293319461143,-0.406025285786672,0.888386733024459,"Not Significant",TRUE,TRUE,FALSE
"OG0003628","Symbiochloris",0.0779,0.9705,0.0802,0.0572,0.872,0.0656,49.9190768962994,2.14957980099623,0.765272381641311,0.092575212852324,"Not Significant",TRUE,TRUE,FALSE
"OG0003629","Symbiochloris",0.1436,2.3151,0.062,0.1326,1.4609,0.0908,49.8877821993142,50,3.91202300542815,0,"Intensified",TRUE,TRUE,TRUE
"OG0003635","Symbiochloris",0.0444,1.3392,0.0331,0.0296,0.8668,0.0341,49.0534303173104,0.998216085115335,-0.00178550795570689,1,"Not Significant",TRUE,TRUE,FALSE
"OG0003642","Symbiochloris",0.039,1.5077,0.0259,0.0386,1.1934,0.0324,49.9864421765655,0.721391270615615,-0.326573611201915,0.549628370311589,"Not Significant",TRUE,TRUE,FALSE
"OG0003645","Symbiochloris",0.0554,1.1228,0.0493,0.0354,0.769,0.046,45.0716034206823,1.06178817151879,0.0599544410778782,0.900925681745728,"Not Significant",TRUE,TRUE,FALSE
"OG0003647","Symbiochloris",0.094,1.2548,0.0749,0.0782,2.0945,0.0373,53.860084964616,0.836410667658103,-0.178635557254925,0.634669722098542,"Not Significant",FALSE,TRUE,FALSE
"OG0003650","Symbiochloris",0.0598,1.7994,0.0332,0.0597,1.2471,0.0479,47.9762864884053,3.04825456084027,1.11456915167307,0.193699475105787,"Not Significant",TRUE,TRUE,FALSE
"OG0003664","Symbiochloris",0.0234,0.9374,0.025,0.0189,0.8086,0.0233,47.0017087121458,1.1515317896312,0.141093047045776,0.774018749788081,"Not Significant",TRUE,TRUE,FALSE
"OG0003693","Symbiochloris",0.0757,1.0175,0.0744,0.0796,1.0471,0.076,48.9625549573938,0.925812946217851,-0.0770830666656615,0.778615896954482,"Not Significant",FALSE,FALSE,FALSE
"OG0003701","Symbiochloris",0.0489,1.3065,0.0375,0.0912,1.0457,0.0872,50.6049710357756,1.05609006938286,0.054573474623021,0.900925681745728,"Not Significant",TRUE,FALSE,FALSE
"OG0003702","Symbiochloris",0.075,2.2177,0.0338,0.0909,1.62,0.0561,49.6965539437195,1.25207252190801,0.224800195846983,0.257795892679777,"Not Significant",TRUE,FALSE,FALSE
"OG0003708","Symbiochloris",0.0136,2.3805,0.0057,0.0329,0.9117,0.0361,52.1603344557816,1.55256632255301,0.439909253753938,0.404496302514588,"Not Significant",TRUE,FALSE,FALSE
"OG0003719","Symbiochloris",0.042,2.0994,0.02,0.0545,1.2614,0.0432,50.37836921741,1.14855515867009,0.138504768698249,0.641295134213831,"Not Significant",TRUE,FALSE,FALSE
"OG0003729","Symbiochloris",0.0838,1.4842,0.0565,0.0851,1.1501,0.074,51.1557275898804,1.01341445031048,0.0133252731947155,1,"Not Significant",TRUE,FALSE,FALSE
"OG0003732","Symbiochloris",0.0791,1.2537,0.0631,0.0606,1.1955,0.0507,51.1182495196067,0.998473302475866,-0.00152786411430387,1,"Not Significant",TRUE,TRUE,FALSE
"OG0003747","Symbiochloris",0.0625,0.9002,0.0694,0.0707,0.9084,0.0778,50.2388213203341,1.33000075584844,0.285179510540596,0.552101529972784,"Not Significant",FALSE,FALSE,FALSE
"OG0003757","Symbiochloris",0.0372,0.8448,0.044,0.0576,1.1509,0.0501,49.5020431623534,1.14852598060673,0.138479364229192,0.634669722098542,"Not Significant",FALSE,FALSE,FALSE
"OG0003762","Symbiochloris",0.0114,0.9919,0.0115,0.0302,1.0008,0.0302,48.4027039532247,0.762820648796873,-0.270732335883299,0.947781865629017,"Not Significant",FALSE,FALSE,FALSE
"OG0003772","Symbiochloris",0.0092,1.1446,0.008,0.0253,0.6869,0.0368,47.5638976793751,3.21479281372123,1.16776291198042,0.00152881947115946,"Intensified",TRUE,FALSE,TRUE
"OG0003774","Symbiochloris",0.0631,1.5866,0.0398,0.0644,1.0018,0.0643,53.2411680632675,1.0982694885324,0.0937357487947565,0.741110731439982,"Not Significant",TRUE,FALSE,FALSE
"OG0003781","Symbiochloris",0.0346,2.3912,0.0145,0.0497,1.3045,0.0381,52.9968372146068,1.7976330013761,0.586470800296399,0.0184813051779115,"Intensified",TRUE,FALSE,TRUE
"OG0003782","Symbiochloris",0.0688,1.628,0.0423,0.0938,1.2619,0.0743,47.4756555264854,10.7253366322789,2.37260885194657,0.0181524116285672,"Intensified",TRUE,FALSE,TRUE
"OG0003789","Symbiochloris",0.0355,0.9259,0.0384,0.0468,0.8854,0.0529,51.6365607375466,1.1912510213084,0.175004033327691,0.384415838548414,"Not Significant",TRUE,FALSE,FALSE
"OG0003790","Symbiochloris",0.0701,1.0887,0.0644,0.0786,1.3124,0.0599,46.6714830770571,1.18130886941672,0.166623035127269,0.2895802786264,"Not Significant",FALSE,FALSE,FALSE
"OG0003795","Symbiochloris",0.0245,1.3499,0.0181,0.0401,1.6689,0.024,46.8430014007686,1.06211922619542,0.0602661822391609,0.888386733024459,"Not Significant",FALSE,FALSE,FALSE
"OG0003801","Symbiochloris",0.0603,0.7277,0.0828,0.0754,0.9904,0.0761,48.6934096572947,0.878618803716373,-0.129404145761471,0.719011914679288,"Not Significant",FALSE,FALSE,FALSE
"OG0003805","Symbiochloris",0.0477,0.9575,0.0498,0.0448,1.1493,0.0389,43.1945926591575,0.899153819167875,-0.106301158848534,0.749099364917098,"Not Significant",FALSE,TRUE,FALSE
"OG0003821","Symbiochloris",0.0599,0.9608,0.0624,0.0509,0.7415,0.0686,50.9997398874605,0.900518946937406,-0.104784074123947,0.826808116865542,"Not Significant",TRUE,TRUE,FALSE
"OG0003834","Symbiochloris",0.083,2.0271,0.041,0.0835,1.2071,0.0691,51.8815902614711,1.31890134294768,0.276799074082314,0.349096524154238,"Not Significant",TRUE,FALSE,FALSE
"OG0003839","Symbiochloris",0.022,0.8314,0.0265,0.0268,0.7938,0.0338,47.3262030492202,2.39473753193424,0.873273634850874,0.349096524154238,"Not Significant",TRUE,FALSE,FALSE
"OG0003844","Symbiochloris",0.0517,1.3403,0.0386,0.0499,1.6094,0.031,49.8963013330583,0.909003294747087,-0.0954065602269727,0.786747236872121,"Not Significant",FALSE,TRUE,FALSE
"OG0003848","Symbiochloris",0.0357,1.4195,0.0251,0.041,0.9284,0.0442,51.467050179256,0.938726295583825,-0.0632313272651351,1,"Not Significant",TRUE,FALSE,FALSE
"OG0003851","Symbiochloris",0.0581,1.5137,0.0384,0.0725,0.9613,0.0755,50.1903035894468,1.23047574950269,0.207400882814615,0.528752044870965,"Not Significant",TRUE,FALSE,FALSE
"OG0003856","Symbiochloris",0.0787,1.6168,0.0487,0.0975,0.694,0.1404,45.0568574289422,0.604097044119181,-0.504020424881723,1.50886153571506e-08,"Relaxed",TRUE,FALSE,TRUE
"OG0003864","Symbiochloris",0.0155,0.7718,0.0201,0.0258,0.5226,0.0493,43.6680900666886,49.7986994824619,3.90798886887961,0.447938506622333,"Not Significant",TRUE,FALSE,FALSE
"OG0003866","Symbiochloris",0.0111,1.9194,0.0058,0.018,0.2473,0.0728,48.9263798739758,16.677659694567,2.81407008100567,0.300471522967665,"Not Significant",TRUE,FALSE,FALSE
"OG0003875","Symbiochloris",0.0654,1.2547,0.0521,0.0317,0.9144,0.0347,51.7746667304674,0.997293321504494,-0.00271034817299885,1,"Not Significant",TRUE,TRUE,FALSE
"OG0003915","Symbiochloris",0.0746,0.9024,0.0827,0.0503,0.706,0.0712,51.5244017344481,1.06519455653409,0.0631574646686662,0.938118868112742,"Not Significant",TRUE,TRUE,FALSE
"OG0003920","Symbiochloris",0.0269,1.1914,0.0226,0.0198,0.8291,0.0239,47.3897160312168,0.691267556406526,-0.369228328411661,0.41508687514007,"Not Significant",TRUE,TRUE,FALSE
"OG0003923","Symbiochloris",0.01,0.767,0.013,0.0191,1.4069,0.0136,49.4438484793545,0.472866730818094,-0.74894168321733,0.578162965634723,"Not Significant",FALSE,FALSE,FALSE
"OG0003926","Symbiochloris",0.0294,0.9542,0.0308,0.0288,0.7022,0.041,46.085658686763,1.17208766000541,0.158786483584258,0.774018749788081,"Not Significant",TRUE,TRUE,FALSE
"OG0003937","Symbiochloris",0.0164,1.2031,0.0137,0.0154,0.6447,0.0239,50.1265371990026,1.47576848987258,0.389178864196259,0.242053812540318,"Not Significant",TRUE,TRUE,FALSE
"OG0003940","Symbiochloris",0.0914,1.9897,0.0459,0.1092,0.7549,0.1446,48.4186416496651,2.95023078539962,1.08188339963059,0.718676461772676,"Not Significant",TRUE,FALSE,FALSE
"OG0003941","Symbiochloris",0.0292,0.8328,0.0351,0.0277,0.7355,0.0376,50.0004905420804,0.898180791459273,-0.107383904151393,0.798060887706748,"Not Significant",TRUE,TRUE,FALSE
"OG0003945","Symbiochloris",0.0423,1.0865,0.039,0.0363,0.5713,0.0635,48.8204125802541,1.27059402203826,0.239484525005499,0.302634536864975,"Not Significant",TRUE,TRUE,FALSE
"OG0003948","Symbiochloris",1e-04,1.196,1e-04,0.0081,1.3634,0.0059,51.8438638802155,5.45779271151679,1.69704444272961,0.337665875152683,"Not Significant",FALSE,FALSE,FALSE
"OG0003950","Symbiochloris",0.0688,2.0019,0.0344,0.1013,1.992,0.0508,52.1124329592705,1.3932318913444,0.331626149962907,0.634669722098542,"Not Significant",TRUE,FALSE,FALSE
"OG0003951","Symbiochloris",0.037,1.4733,0.0251,0.0565,0.7701,0.0734,51.0289900426641,1.47790534149457,0.390625775478134,0.549628370311589,"Not Significant",TRUE,FALSE,FALSE
"OG0003954","Symbiochloris",0.0562,1.7343,0.0324,0.0839,1.0037,0.0836,52.0741112954575,1.35893654145647,0.306702439050408,0.280017837718624,"Not Significant",TRUE,FALSE,FALSE
"OG0003968","Symbiochloris",0.1111,1.2287,0.0904,0.2137,1.0941,0.1953,51.949222465044,0.866004445399625,-0.143865237176959,0.949553007041463,"Not Significant",TRUE,FALSE,FALSE
"OG0003980","Symbiochloris",0.0165,1.12,0.0148,0.034,1.1258,0.0302,51.5346872290479,0.958212603749673,-0.0426856010507715,0.923737544356684,"Not Significant",FALSE,FALSE,FALSE
"OG0003985","Symbiochloris",0.0719,1.9119,0.0376,0.0954,2.7424,0.0348,50.2784284716165,1.26552043166682,0.235483446006511,0.41508687514007,"Not Significant",FALSE,FALSE,FALSE
"OG0003991","Symbiochloris",0.0446,1.001,0.0445,0.0141,0.6306,0.0224,50.7875722371035,0.808825805600077,-0.212171705751137,0.689117204586826,"Not Significant",TRUE,TRUE,FALSE
"OG0003996","Symbiochloris",0.0744,1.7548,0.0424,0.0733,1.3402,0.0547,47.3374716200325,1.02472119692491,0.024420572590762,0.954420208810682,"Not Significant",TRUE,TRUE,FALSE
"OG0004003","Symbiochloris",0.075,0.9327,0.0804,0.0635,0.9791,0.0648,50.9271386828903,0.786345245685352,-0.240359339117789,0.689117204586826,"Not Significant",FALSE,TRUE,FALSE
"OG0004005","Symbiochloris",0.0235,1.0129,0.0232,0.0281,0.9568,0.0294,49.6049689152952,1.29424723479255,0.257929240264891,0.634669722098542,"Not Significant",TRUE,FALSE,FALSE
"OG0004007","Symbiochloris",0.0944,1.0484,0.09,0.088,0.6806,0.1293,50.9704806721112,13.2625573252605,2.58494482628782,0.245510543363978,"Not Significant",TRUE,TRUE,FALSE
"OG0004032","Symbiochloris",0.0396,0.626,0.0633,0.0301,0.4952,0.0607,44.96784647512,1.00750816291372,0.00748011695349468,1,"Not Significant",TRUE,TRUE,FALSE
"OG0004035","Symbiochloris",0.0662,1.3206,0.0501,0.1063,1.3774,0.0772,50.1282569626026,1.42483153311952,0.354053584359532,0.00767024085960448,"Intensified",FALSE,FALSE,TRUE
"OG0004044","Symbiochloris",0.0735,2.0351,0.0361,0.0489,1.0201,0.0479,52.7732378094667,1.15096705274333,0.140602504432852,0.575731377890994,"Not Significant",TRUE,TRUE,FALSE
"OG0004046","Symbiochloris",0.0238,1.191,0.02,0.0428,0.9572,0.0447,51.9155442517972,2.04325989801266,0.714546521651806,0.0379246297361587,"Intensified",TRUE,FALSE,TRUE
"OG0004049","Symbiochloris",0.0082,1.0903,0.0075,0.0092,0.8292,0.0111,50.789494499733,35.007315347736,3.5555570495852,0.901244085705539,"Not Significant",TRUE,FALSE,FALSE
"OG0004052","Symbiochloris",0.1272,2.0622,0.0617,0.12,1.4341,0.0837,48.5701862027641,0.933826095644998,-0.068465051188955,0.888297202837582,"Not Significant",TRUE,TRUE,FALSE
"OG0004056","Symbiochloris",0.069,1.4359,0.048,0.0662,1.3054,0.0507,50.2041669332723,1.42301953272745,0.352781045455845,0.126470643590863,"Not Significant",TRUE,TRUE,FALSE
"OG0004072","Symbiochloris",0.0634,0.9384,0.0675,0.0513,1.1287,0.0454,48.5789601649858,0.956271106254552,-0.0447138221847868,0.900925681745728,"Not Significant",FALSE,TRUE,FALSE
"OG0004076","Symbiochloris",0.0621,0.8109,0.0766,0.0622,1.6622,0.0374,52.6892365885808,0.994063255539669,-0.00595443698648225,1,"Not Significant",FALSE,FALSE,FALSE
"OG0004078","Symbiochloris",0.0363,1.0628,0.0341,0.0237,0.9886,0.024,52.0891989914241,1.35019243396324,0.300247125968428,0.407223322477606,"Not Significant",TRUE,TRUE,FALSE
"OG0004082","Symbiochloris",0.0797,1.4529,0.0549,0.0662,2.8392,0.0233,49.3253843557407,0.854677738630962,-0.157030794977183,0.689117204586826,"Not Significant",FALSE,TRUE,FALSE
"OG0004088","Symbiochloris",0.0523,1.3104,0.0399,0.0801,1.01,0.0793,45.1757961332986,1.37477813480751,0.318292361595544,0.904828495041529,"Not Significant",TRUE,FALSE,FALSE
"OG0004089","Symbiochloris",0.0532,1.3993,0.038,0.066,1.2398,0.0532,51.5081771324441,1.31317257454515,0.272446021980942,0.197181051764095,"Not Significant",TRUE,FALSE,FALSE
"OG0004106","Symbiochloris",0.0133,0.6,0.0222,0,0.2501,1e-04,46.973295550683,50,3.91202300542815,0.891800664502517,"Not Significant",TRUE,TRUE,FALSE
"OG0004108","Symbiochloris",0.0776,0.6845,0.1133,0.0704,1.1772,0.0598,46.6789884111244,0.760756756984477,-0.273441608240588,0.689117204586826,"Not Significant",FALSE,TRUE,FALSE
"OG0004109","Symbiochloris",0.0666,0.9443,0.0705,0.042,0.9996,0.042,48.7244085578477,1.10663938664292,0.101327843332593,0.828008474598673,"Not Significant",FALSE,TRUE,FALSE
"OG0004112","Symbiochloris",0.023,0.8563,0.0268,0.0231,0.6896,0.0335,44.6548316373227,1.00233035893549,0.00232764786013848,1,"Not Significant",TRUE,FALSE,FALSE
"OG0004120","Symbiochloris",0.1056,1.6873,0.0626,0.1258,2.5247,0.0498,48.8245593251981,1.30527018890324,0.266410060649732,0.197181051764095,"Not Significant",FALSE,FALSE,FALSE
"OG0004123","Symbiochloris",0.0319,1.1569,0.0276,0.0376,0.4124,0.0912,49.9588972081266,0.921342752651418,-0.0819231592424954,0.904828495041529,"Not Significant",TRUE,FALSE,FALSE
"OG0004134","Symbiochloris",0.0981,1.1122,0.0882,0.0858,0.7493,0.1145,51.11298902429,1.10737880472629,0.101995785550714,0.906136573946322,"Not Significant",TRUE,TRUE,FALSE
"OG0004150","Symbiochloris",1e-04,0.9943,1e-04,0.0133,1.1511,0.0116,48.5967228931819,38.5958329870773,3.6531443169407,0.321823837522285,"Not Significant",FALSE,FALSE,FALSE
"OG0004162","Symbiochloris",0.0807,1.732,0.0466,0.052,1.0659,0.0488,53.211193757404,1.13593584194052,0.127456841539026,0.826808116865542,"Not Significant",TRUE,TRUE,FALSE
"OG0004170","Symbiochloris",0.0376,1.3204,0.0285,0.0442,1.0403,0.0425,46.6446058712918,1.12737117125813,0.119888525341522,0.706692512546826,"Not Significant",TRUE,FALSE,FALSE
"OG0004182","Symbiochloris",0.0299,0.939,0.0318,0.0056,0.9868,0.0056,50.0864049577745,0.598124325296824,-0.513956644805942,0.41671162827831,"Not Significant",FALSE,TRUE,FALSE
"OG0004200","Symbiochloris",0.0317,1.7941,0.0177,0.0355,0.6077,0.0585,50.3699774316475,1.365882748146,0.311800921553794,0.365234733998576,"Not Significant",TRUE,FALSE,FALSE
"OG0004204","Symbiochloris",0.0484,1.2088,0.04,0.0547,0.9911,0.0552,47.1044647124806,1.29313782416691,0.257071686658951,0.427528745131118,"Not Significant",TRUE,FALSE,FALSE
"OG0004223","Symbiochloris",0.0692,1.2814,0.054,0.0664,1.1174,0.0594,47.7485121815773,0.775744844752813,-0.253931621176454,0.346760888998384,"Not Significant",TRUE,TRUE,FALSE
"OG0004226","Symbiochloris",0.0304,0.5707,0.0533,0.0946,2.4255,0.039,51.5042196101218,1.38809637571133,0.327933294624647,0.404872030934335,"Not Significant",FALSE,FALSE,FALSE
"OG0004245","Symbiochloris",0.0749,1.511,0.0496,0.0931,2.2325,0.0417,49.1527012130046,1.00228233217547,0.00227973161153627,1,"Not Significant",FALSE,FALSE,FALSE
"OG0004252","Symbiochloris",0.0408,1.3959,0.0293,0.0688,0.8235,0.0835,48.6207064294469,5.69309716462409,1.73925441720852,0.289889384381126,"Not Significant",TRUE,FALSE,FALSE
"OG0004254","Symbiochloris",0.0396,0.8517,0.0466,0.0632,0.6373,0.0992,49.0067672227428,1.45982243742328,0.378314810120916,0.52080768162328,"Not Significant",TRUE,FALSE,FALSE
"OG0004257","Symbiochloris",0.0281,0.6859,0.0409,0.0361,0.4242,0.085,47.3210045771205,1.33677201895464,0.290257766717505,0.0471856537934839,"Intensified",TRUE,FALSE,TRUE
"OG0004295","Symbiochloris",0.0491,0.8561,0.0573,0.0579,0.5016,0.1155,47.2867532151292,1.21268462202967,0.192836597829751,0.563623685712112,"Not Significant",TRUE,FALSE,FALSE
"OG0004304","Symbiochloris",0.0345,1.939,0.0178,0.0606,2.8545,0.0212,50.3029442381482,1.12517757938768,0.117940871544251,0.846625278370288,"Not Significant",FALSE,FALSE,FALSE
"OG0004307","Symbiochloris",0.0954,1.5321,0.0623,0.0945,1.4139,0.0668,52.2256032314134,36.6409016020266,3.60116514654539,1.36335825839939e-06,"Intensified",TRUE,TRUE,TRUE
"OG0004310","Symbiochloris",0.0295,0.9074,0.0325,0.0684,1.0477,0.0653,47.8174219545238,0.999999996384769,-3.61523100998591e-09,1,"Not Significant",FALSE,FALSE,FALSE
"OG0004321","Symbiochloris",0.0514,0.7257,0.0708,0.0441,0.6951,0.0634,48.8028035416755,1.18574822569976,0.170373989421712,0.811588580243954,"Not Significant",TRUE,TRUE,FALSE
"OG0004329","Symbiochloris",0.0258,0.6198,0.0416,0.0411,0.867,0.0474,49.2572763730095,1.07670838780329,0.0739085980973772,0.899631722446387,"Not Significant",FALSE,FALSE,FALSE
"OG0004336","Symbiochloris",0.0398,1.1197,0.0356,0.0556,1.4275,0.0389,50.8844187649734,1.69822698784266,0.529584758485268,0.437222034559064,"Not Significant",FALSE,FALSE,FALSE
"OG0004341","Symbiochloris",0.0361,1.6964,0.0213,0.0529,0.843,0.0628,51.1854250563038,1.55268878452601,0.439988127771589,0.195139379218527,"Not Significant",TRUE,FALSE,FALSE
"OG0004348","Symbiochloris",0.0501,1.1042,0.0454,0.0492,1.0969,0.0448,47.5279171886846,0.964023364744497,-0.0366397473784873,0.994826880498216,"Not Significant",TRUE,TRUE,FALSE
"OG0004351","Symbiochloris",0.0482,0.6868,0.0701,0.0408,0.8674,0.0471,46.7506203275305,0.93380918653441,-0.0684831586971504,0.871437038611787,"Not Significant",FALSE,TRUE,FALSE
"OG0004359","Symbiochloris",0.2297,1.5771,0.1457,0.1516,1.5291,0.0992,51.2946586673785,1.24094194974968,0.215870728133777,0.427528745131118,"Not Significant",TRUE,TRUE,FALSE
"OG0004368","Symbiochloris",0.075,1.628,0.0461,0.0794,0.9189,0.0864,50.6727603853477,0.979864600996201,-0.0203408791115762,1,"Not Significant",TRUE,FALSE,FALSE
"OG0004373","Symbiochloris",0.0739,1.411,0.0523,0.0624,1.0654,0.0586,47.480899218256,1.97202505108668,0.679060959490565,0.37558094144475,"Not Significant",TRUE,TRUE,FALSE
"OG0004380","Symbiochloris",0.0454,1.8577,0.0244,0.0642,1.854,0.0346,52.2145896741185,1.45404491902323,0.374349272047639,0.106309981703836,"Not Significant",TRUE,FALSE,FALSE
"OG0004385","Symbiochloris",0.0304,1.5546,0.0196,0.032,0.8244,0.0388,50.2948863818095,1.75686376436905,0.563530267421809,0.210350635817012,"Not Significant",TRUE,FALSE,FALSE
"OG0004389","Symbiochloris",0.0601,1.1482,0.0524,0.0602,0.9107,0.0661,45.5261579189043,1.1999007818031,0.182238871544874,0.437222034559064,"Not Significant",TRUE,FALSE,FALSE
"OG0004392","Symbiochloris",0.0359,1.2881,0.0278,0.0355,0.7525,0.0472,51.7331555080017,49.9747874521406,3.91151862729369,0.302634536864975,"Not Significant",TRUE,TRUE,FALSE
"OG0004403","Symbiochloris",0.0701,2.8717,0.0244,0.0562,2.3033,0.0244,49.6326013178804,0.843911255492329,-0.169707937435505,0.622296709994639,"Not Significant",TRUE,TRUE,FALSE
"OG0004410","Symbiochloris",0.0844,1.7253,0.0489,0.0753,1.224,0.0615,48.0007231441857,1.44866934327077,0.37064544079726,0.193699475105787,"Not Significant",TRUE,TRUE,FALSE
"OG0004419","Symbiochloris",0.0642,2.3296,0.0275,0.0684,2.4286,0.0281,52.4793052207891,1.01543203495967,0.0153141721369719,0.978316444240788,"Not Significant",FALSE,FALSE,FALSE
"OG0004423","Symbiochloris",0.0296,0.7033,0.0422,0.0159,0.6498,0.0245,49.0437676035689,0.99730329079125,-0.00270035187931735,1,"Not Significant",TRUE,TRUE,FALSE
"OG0004425","Symbiochloris",0.0743,0.8757,0.0849,0.03,1.4598,0.0205,48.1384022102625,1.05971250327356,0.057997648009449,1,"Not Significant",FALSE,TRUE,FALSE
"OG0004431","Symbiochloris",0.071,1.7105,0.0415,0.0819,1.3879,0.059,51.9603490243054,0.852940168169,-0.159065876777075,0.888297202837582,"Not Significant",TRUE,FALSE,FALSE
"OG0004433","Symbiochloris",0.0162,2.2058,0.0073,0.0304,0.5983,0.0507,49.1514705907515,1.32444828792955,0.280995986257008,0.25719808368985,"Not Significant",TRUE,FALSE,FALSE
"OG0004438","Symbiochloris",0.041,1.2806,0.032,0.0563,1.3465,0.0418,49.2933766050151,0.464170469008478,-0.767503404122623,0.437222034559064,"Not Significant",FALSE,FALSE,FALSE
"OG0004439","Symbiochloris",0.0276,1.47,0.0188,0.016,0.7141,0.0224,49.6357525033341,1.48961112380239,0.398515095156705,0.634374761050235,"Not Significant",TRUE,TRUE,FALSE
"OG0004443","Symbiochloris",0.0139,1.7085,0.0082,0.0058,1.4108,0.0041,46.0231339079929,11.6762610932687,2.45755781427565,0.211042483618264,"Not Significant",TRUE,TRUE,FALSE
"OG0004459","Symbiochloris",0.0447,1.1475,0.039,0.0487,1.4945,0.0326,53.0116143648269,1.30080315040657,0.262981881707743,0.784735655885206,"Not Significant",FALSE,FALSE,FALSE
"OG0004465","Symbiochloris",0.0423,0.8952,0.0472,0.0687,1.3468,0.051,48.1719311893756,1.03626367999131,0.0356216288193687,0.949553007041463,"Not Significant",FALSE,FALSE,FALSE
"OG0004482","Symbiochloris",0.0618,1.758,0.0351,0.0815,1.496,0.0545,53.4686640484695,0.402400050606348,-0.910308534435314,0.00566247799376508,"Relaxed",TRUE,FALSE,TRUE
"OG0004490","Symbiochloris",0.0598,1.213,0.0493,0.0654,1.4248,0.0459,48.2388912826626,0.860555031618123,-0.15017771230384,0.437222034559064,"Not Significant",FALSE,FALSE,FALSE
"OG0004499","Symbiochloris",0.0384,1.1254,0.0341,0.0548,2.2876,0.024,47.7040544576473,1.2597840289303,0.230940300660892,0.561343742795149,"Not Significant",FALSE,FALSE,FALSE
"OG0004509","Symbiochloris",0.2021,1.5003,0.1347,0.2364,2.9189,0.081,48.5576437305353,0.99986274180638,-0.000137267614387902,1,"Not Significant",FALSE,FALSE,FALSE
"OG0004517","Symbiochloris",0.0453,1.3172,0.0344,0.0398,1.0039,0.0397,52.9615015290288,1.07274036926248,0.0702164672332427,0.934365477205926,"Not Significant",TRUE,TRUE,FALSE
"OG0004519","Symbiochloris",0.1113,1.3791,0.0807,0.133,1.3763,0.0967,51.033178234651,1.00262624889249,0.00262280632690409,1,"Not Significant",TRUE,FALSE,FALSE
"OG0004520","Symbiochloris",0.04,1.3237,0.0302,0.0378,0.5668,0.0666,51.2235111268786,1.33843295934115,0.2914994963146,0.388091310234115,"Not Significant",TRUE,TRUE,FALSE
"OG0004525","Symbiochloris",0.0542,1.8538,0.0292,0.0771,1.3386,0.0576,49.7497852649411,1.15914884405526,0.147685980663451,0.39103605732328,"Not Significant",TRUE,FALSE,FALSE
"OG0004541","Symbiochloris",0.0478,1.0967,0.0435,0.0692,1.2208,0.0567,51.0000131031296,1.28451687009975,0.250382671074203,0.741110731439982,"Not Significant",FALSE,FALSE,FALSE
"OG0004550","Symbiochloris",0.0203,1.0575,0.0192,0.0389,0.6488,0.0599,50.6095024552184,1.28980001776888,0.254487181370598,0.401922172923399,"Not Significant",TRUE,FALSE,FALSE
"OG0004553","Symbiochloris",0.0496,1.453,0.0341,0.0668,1.9323,0.0346,52.4264854097065,0.97969006072447,-0.0205190219065721,0.974943812430983,"Not Significant",FALSE,FALSE,FALSE
"OG0004562","Symbiochloris",0.0475,1.383,0.0343,0.0341,0.6473,0.0527,48.0465847061394,0.909749732814057,-0.0945857361815218,0.846625278370288,"Not Significant",TRUE,TRUE,FALSE
"OG0004576","Symbiochloris",0.0524,0.7793,0.0672,0.0736,0.9591,0.0768,49.1396056051647,1.29225865411733,0.25639158200897,0.646684684627218,"Not Significant",FALSE,FALSE,FALSE
"OG0004579","Symbiochloris",0.054,1.9094,0.0283,0.0516,2.2218,0.0232,54.6575275199416,1.11193700238187,0.106103541689288,0.549628370311589,"Not Significant",FALSE,TRUE,FALSE
"OG0004585","Symbiochloris",0.0589,1.8752,0.0314,0.0781,1.2928,0.0604,50.3147068871413,1.32013612472898,0.277734856075965,0.242053812540318,"Not Significant",TRUE,FALSE,FALSE
"OG0004588","Symbiochloris",0.0593,1.0616,0.0558,0.0155,0.7085,0.0219,46.7354933607839,0.824456049362044,-0.193031444210391,0.828008474598673,"Not Significant",TRUE,TRUE,FALSE
"OG0004598","Symbiochloris",2e-04,1.6811,1e-04,0.0399,1.3677,0.0292,53.1092895397408,15.6045743708185,2.74756410017092,0.302634536864975,"Not Significant",TRUE,FALSE,FALSE
"OG0004603","Symbiochloris",0.0712,2.1377,0.0333,0.0616,0.9254,0.0666,53.3550762309467,1.31012303998663,0.270121056456426,0.25719808368985,"Not Significant",TRUE,TRUE,FALSE
"OG0004604","Symbiochloris",0.0218,0.4277,0.0511,0.0213,1.7304,0.0123,49.4357107061655,0.72310170537658,-0.324205395379755,0.622296709994639,"Not Significant",FALSE,TRUE,FALSE
"OG0004612","Symbiochloris",0.0664,1.1702,0.0567,0.0538,0.8643,0.0622,50.750402864938,1.06094169952759,0.0591569095147513,0.85975905392921,"Not Significant",TRUE,TRUE,FALSE
"OG0004616","Symbiochloris",0.0161,1.3581,0.0119,0.0346,1.5545,0.0222,51.9737427981909,20.2590460181046,3.00860141074768,0.781977437133562,"Not Significant",FALSE,FALSE,FALSE
"OG0004625","Symbiochloris",0.0226,1.1428,0.0198,0.0135,0.7386,0.0183,49.913601093023,1.23967919061058,0.214852628894335,0.659304905658392,"Not Significant",TRUE,TRUE,FALSE
"OG0004629","Symbiochloris",0.063,1.1747,0.0536,0.0779,0.9862,0.079,50.8242712992782,1.25139326244435,0.224257540553212,0.0483337479843505,"Intensified",TRUE,FALSE,TRUE
"OG0004630","Symbiochloris",0.016,0.9308,0.0172,0.0254,0.4375,0.058,50.9852937835449,11.6573954821729,2.45594078394476,0.242053812540318,"Not Significant",TRUE,FALSE,FALSE
"OG0004642","Symbiochloris",0.0438,1.3749,0.0319,0.1171,1.5264,0.0767,48.8946562411683,1.04759951653132,0.0465013721500924,0.978316444240788,"Not Significant",FALSE,FALSE,FALSE
"OG0004643","Symbiochloris",0.0344,0.8193,0.042,0.0611,0.8099,0.0754,44.5770084581955,1.2156184660893,0.195252972870837,0.41508687514007,"Not Significant",TRUE,FALSE,FALSE
"OG0004650","Symbiochloris",0.1137,1.727,0.0659,0.1295,2.0358,0.0636,52.7032924359107,1.03807436363572,0.037367423445132,0.991375787333867,"Not Significant",FALSE,FALSE,FALSE
"OG0004663","Symbiochloris",0.0117,1.0106,0.0115,0.0109,0.7486,0.0146,50.0521973089503,1.43958671211491,0.3643560669182,0.530292612772246,"Not Significant",TRUE,TRUE,FALSE
"OG0004665","Symbiochloris",0.0416,1.0974,0.0379,0.007,0.8551,0.0082,50.405579267697,0.999959035358103,-4.09654809712587e-05,1,"Not Significant",TRUE,TRUE,FALSE
"OG0004669","Symbiochloris",0.0451,1.5058,0.0299,0.0452,1.7596,0.0257,49.4448108248856,1.5266081543055,0.423048381849364,0.41671162827831,"Not Significant",FALSE,FALSE,FALSE
"OG0004671","Symbiochloris",0.0183,0.8024,0.0228,0.0291,0.6658,0.0436,45.8951196853855,1.24228390892361,0.216951547504174,0.365234733998576,"Not Significant",TRUE,FALSE,FALSE
"OG0004674","Symbiochloris",0.0282,0.9592,0.0294,0.0398,0.9399,0.0423,49.5765144152877,1.2665377986927,0.236287035014401,0.381526246049016,"Not Significant",TRUE,FALSE,FALSE
"OG0004691","Symbiochloris",0.0454,1.8084,0.0251,0.0345,0.9173,0.0377,52.4365294794786,2.23199964262106,0.802897884403038,0.41508687514007,"Not Significant",TRUE,TRUE,FALSE
"OG0004696","Symbiochloris",0.0545,1.3861,0.0394,0.0327,1.5161,0.0215,52.4024514141458,1,0,1,"Not Significant",FALSE,TRUE,FALSE
"OG0004697","Symbiochloris",0.0469,0.881,0.0533,0.0515,1.3414,0.0384,50.7246846767247,0.827305338944426,-0.189581439350489,0.628014265975129,"Not Significant",FALSE,FALSE,FALSE
"OG0004716","Symbiochloris",0.035,1.4474,0.0242,0.0719,1.5996,0.045,44.8895676153736,1.13842749362198,0.129647918610425,0.561343742795149,"Not Significant",FALSE,FALSE,FALSE
"OG0004719","Symbiochloris",0.1003,1.3269,0.0756,0.1252,1.1493,0.1089,53.2271204824349,0.937679424049939,-0.0643471537962009,0.949553007041463,"Not Significant",TRUE,FALSE,FALSE
"OG0004737","Symbiochloris",0.0479,2.0103,0.0238,0.052,0.9071,0.0573,49.2159522506819,1.28850034955623,0.253479022399523,0.302822321626206,"Not Significant",TRUE,FALSE,FALSE
"OG0003405","Trebouxia",0.1209,1.0305,0.1174,0.1766,1.3342,0.1323,51.1828934279243,21.6697073601169,3.07591531107854,0.0110008940181441,"Intensified",FALSE,FALSE,TRUE
"OG0003441","Trebouxia",0.1128,1.4065,0.0802,0.1238,2.0185,0.0613,50.1647958039255,0.903770830000544,-0.101179457364766,0.385837309242309,"Not Significant",FALSE,FALSE,FALSE
"OG0003443","Trebouxia",0.1704,2.3405,0.0728,0.1544,2.837,0.0544,49.1734804005625,0.994584204429012,-0.00543051415777983,1,"Not Significant",FALSE,TRUE,FALSE
"OG0003452","Trebouxia",0.0021,2.5417,8e-04,0.0021,0.6091,0.0035,48.2938268326567,0.848729222923766,-0.1640150800274,0.874308549819001,"Not Significant",TRUE,FALSE,FALSE
"OG0003462","Trebouxia",0.0483,1.4359,0.0336,0.0424,0.5654,0.075,51.4201962634558,1.16842208136822,0.155654190161685,0.595253971741131,"Not Significant",TRUE,TRUE,FALSE
"OG0003465","Trebouxia",0.0521,1.5099,0.0345,0.1055,1.587,0.0665,48.2010696953989,2.08261433928098,0.733623998368443,0.00183342489602843,"Intensified",FALSE,FALSE,TRUE
"OG0003467","Trebouxia",0.0544,2.2405,0.0243,0.0408,1.21,0.0338,47.922618220428,1.06116611466146,0.0593684116196057,0.648410974153073,"Not Significant",TRUE,TRUE,FALSE
"OG0003469","Trebouxia",0.0534,1.1543,0.0463,0.0471,0.883,0.0533,47.161550856298,1.09372240634602,0.0895869298878092,0.782862303722313,"Not Significant",TRUE,TRUE,FALSE
"OG0003473","Trebouxia",0.1145,1.3624,0.0841,0.0693,0.8493,0.0816,49.7282166447299,0.946895366319462,-0.0545666815314676,0.866574555186972,"Not Significant",TRUE,TRUE,FALSE
"OG0003483","Trebouxia",0.0608,2.1323,0.0285,0.0809,1.3775,0.0587,49.3960831976071,1.6852136115488,0.5218923282019,0.000100491027182578,"Intensified",TRUE,FALSE,TRUE
"OG0003487","Trebouxia",0.1577,2.3065,0.0684,0.0995,2.203,0.0452,52.0454813319383,0.930789740721141,-0.0717218696160957,0.723248967171572,"Not Significant",TRUE,TRUE,FALSE
"OG0003492","Trebouxia",0.0862,1.2546,0.0687,0.0658,1.2394,0.0531,47.7727833997259,1.0112227998567,0.0111602914829085,0.961393775573106,"Not Significant",TRUE,TRUE,FALSE
"OG0003494","Trebouxia",0.0772,2.1859,0.0353,0.0448,1.7073,0.0262,51.3825209064062,1.03731377287025,0.0366344609826995,0.871057814620863,"Not Significant",TRUE,TRUE,FALSE
"OG0003503","Trebouxia",0.1061,2.0642,0.0514,0.0843,1.2284,0.0686,52.1603536226228,1.10961475525532,0.104012887744883,0.490054743578537,"Not Significant",TRUE,TRUE,FALSE
"OG0003509","Trebouxia",0.1307,1.7768,0.0736,0.1511,2.0832,0.0725,52.4442397534225,1.12744492529723,0.119953944458626,0.312910780391552,"Not Significant",FALSE,FALSE,FALSE
"OG0003512","Trebouxia",0.0613,1.1556,0.053,0.053,1.2207,0.0434,52.3418978815281,1.34070187835493,0.293193266649926,0.133549101267199,"Not Significant",FALSE,TRUE,FALSE
"OG0003519","Trebouxia",0.0193,1.0615,0.0182,0.0293,1.6472,0.0178,45.2914185083853,1.11494338286445,0.108803625922806,0.44172285911034,"Not Significant",FALSE,FALSE,FALSE
"OG0003520","Trebouxia",0.0756,1.6228,0.0466,0.0826,1.4872,0.0556,49.514147830722,1.08315193948382,0.0798752531773382,0.56066199796178,"Not Significant",TRUE,FALSE,FALSE
"OG0003524","Trebouxia",0.1279,1.7038,0.0751,0.106,2.501,0.0424,51.3142118384648,1.10099939337359,0.0962183067627253,0.596413515987717,"Not Significant",FALSE,TRUE,FALSE
"OG0003531","Trebouxia",0.0594,1.4691,0.0404,0.0369,1.6973,0.0218,51.9506270537745,0.375283713653245,-0.980072969324356,0.154388659784518,"Not Significant",FALSE,TRUE,FALSE
"OG0003539","Trebouxia",0.0227,1.813,0.0125,0.0249,0.9515,0.0262,52.2415220880523,0.877348425178879,-0.130851073401381,0.853340915868032,"Not Significant",TRUE,FALSE,FALSE
"OG0003556","Trebouxia",0.1055,2.5123,0.042,0.089,1.7856,0.0498,49.7454450266225,1.15374570733919,0.143013786211919,0.385058045519768,"Not Significant",TRUE,TRUE,FALSE
"OG0003571","Trebouxia",0.0306,1.5578,0.0196,0.0407,0.6831,0.0596,47.735171265968,1.51615593052925,0.416178138480444,0.0461821118597178,"Intensified",TRUE,FALSE,TRUE
"OG0003605","Trebouxia",0.0482,1.5502,0.0311,0.0652,0.9826,0.0664,48.6931470984763,1.43462506346203,0.360903535254662,0.0180547359936572,"Intensified",TRUE,FALSE,TRUE
"OG0003628","Trebouxia",0.1409,2.773,0.0508,0.1008,1.5352,0.0656,51.756501869583,1.11941350859579,0.112804895113394,0.50493927848534,"Not Significant",TRUE,TRUE,FALSE
"OG0003629","Trebouxia",0.1098,2.933,0.0374,0.0571,1.2608,0.0453,50.7310704964602,1.36340738355532,0.309986995477814,0.000449711142776188,"Intensified",TRUE,TRUE,TRUE
"OG0003635","Trebouxia",0.0628,1.5365,0.0409,0.0463,1.1763,0.0394,47.85550387604,1.13469781897198,0.126366376694321,0.461421433915992,"Not Significant",TRUE,TRUE,FALSE
"OG0003638","Trebouxia",0.0127,2.1121,0.006,0.0065,0.8307,0.0078,48.2649608427356,0.151903198407237,-1.88451181359657,0.782189347064388,"Not Significant",TRUE,TRUE,FALSE
"OG0003642","Trebouxia",0.0526,1.823,0.0289,0.0468,0.4113,0.1138,47.6393931083887,1.58458424673633,0.460322068023081,0.341305212751666,"Not Significant",TRUE,TRUE,FALSE
"OG0003645","Trebouxia",0.1191,2.2186,0.0537,0.1071,1.8481,0.0579,48.715622468204,0.965840508920603,-0.0347565630379467,0.904916083191354,"Not Significant",TRUE,TRUE,FALSE
"OG0003647","Trebouxia",0.1231,2.4719,0.0498,0.1291,1.9319,0.0668,53.0663220837901,1.03456381596263,0.0339799040365962,0.974190987290154,"Not Significant",TRUE,FALSE,FALSE
"OG0003650","Trebouxia",0.0786,1.9665,0.04,0.064,1.4778,0.0433,53.0296154241624,1.22749417526703,0.204974835475309,0.162299306422875,"Not Significant",TRUE,TRUE,FALSE
"OG0003664","Trebouxia",0.03,1.5686,0.0191,0.0357,0.9731,0.0367,52.0917935000127,1.30114732008681,0.263246429158706,0.299896276591656,"Not Significant",TRUE,FALSE,FALSE
"OG0003693","Trebouxia",0.0969,1.4643,0.0662,0.0882,1.1166,0.079,49.055334835082,1.05746328179343,0.0558729096271449,0.661707681780384,"Not Significant",TRUE,TRUE,FALSE
"OG0003701","Trebouxia",0.0771,2.0001,0.0386,0.1267,1.257,0.1008,50.6250607782596,1.41785820403465,0.349147425955196,0.0170313076102669,"Intensified",TRUE,FALSE,TRUE
"OG0003702","Trebouxia",0.1451,1.5146,0.0958,0.1363,2.2296,0.0611,49.6375067672755,1.17462044668416,0.160945071314015,0.375113588243594,"Not Significant",FALSE,TRUE,FALSE
"OG0003708","Trebouxia",0.048,2.8846,0.0166,0.0362,2.0792,0.0174,49.5717663389989,1.15374421580559,0.143012493436083,0.410067813422449,"Not Significant",TRUE,TRUE,FALSE
"OG0003719","Trebouxia",0.0423,1.308,0.0323,0.0626,1.0475,0.0597,53.1055816040041,6.90906563321534,1.93283440913086,0.0113841176262749,"Intensified",TRUE,FALSE,TRUE
"OG0003729","Trebouxia",0.1268,2.4321,0.0521,0.064,1.3042,0.049,53.1932406338314,1.32580324146214,0.282018495732513,0.775666092065615,"Not Significant",TRUE,TRUE,FALSE
"OG0003732","Trebouxia",0.0871,2.5766,0.0338,0.087,1.7925,0.0485,52.0316785445738,1.23595146448505,0.211841090048501,0.549578117269584,"Not Significant",TRUE,TRUE,FALSE
"OG0003747","Trebouxia",0.1076,1.8804,0.0572,0.0622,1.0196,0.061,52.0391483655937,1.0014761777421,0.00147508926279577,1,"Not Significant",TRUE,TRUE,FALSE
"OG0003757","Trebouxia",0.0795,1.3881,0.0573,0.0691,1.6364,0.0422,47.9444354308026,0.973208057904828,-0.0271573883034834,0.961393775573106,"Not Significant",FALSE,TRUE,FALSE
"OG0003762","Trebouxia",0.0448,1.8473,0.0243,0.022,0.8106,0.0271,49.4176338869761,0.840537923332474,-0.173713207184091,0.461421433915992,"Not Significant",TRUE,TRUE,FALSE
"OG0003772","Trebouxia",0.0223,2.2396,0.01,0.0256,0.8693,0.0294,51.5900829528664,1.13549193928961,0.127065983718032,0.311129670227366,"Not Significant",TRUE,FALSE,FALSE
"OG0003774","Trebouxia",0.0832,1.8837,0.0442,0.0794,1.0763,0.0738,53.8651478507591,1.36477895696245,0.310992479232582,0.302069352907759,"Not Significant",TRUE,TRUE,FALSE
"OG0003781","Trebouxia",0.0894,1.5348,0.0583,0.0366,0.7494,0.0489,51.4190806143011,0.879455446883119,-0.128452373412131,0.539233090276362,"Not Significant",TRUE,TRUE,FALSE
"OG0003782","Trebouxia",0.1304,2.1122,0.0617,0.1403,2.2679,0.0619,52.7119202036928,1.34358370666178,0.295340452053851,0.351865616051542,"Not Significant",FALSE,FALSE,FALSE
"OG0003789","Trebouxia",0.0531,1.445,0.0368,0.0592,1.2661,0.0468,52.116993282986,0.967363010666481,-0.0331814551455548,0.902902359726892,"Not Significant",TRUE,FALSE,FALSE
"OG0003790","Trebouxia",0.0787,1.5644,0.0503,0.0759,1.3193,0.0576,47.8285939752372,1.2605466296263,0.231545459921792,0.0708693619119273,"Not Significant",TRUE,TRUE,FALSE
"OG0003795","Trebouxia",0.0535,2.0202,0.0265,0.0622,1.0586,0.0587,49.7420301446904,1.51593816395212,0.416034497438496,0.0110008940181441,"Intensified",TRUE,FALSE,TRUE
"OG0003801","Trebouxia",0.1058,1.1009,0.0961,0.0822,1.067,0.077,52.7116937194461,0.908961137836172,-0.0954529383740552,0.632460135325102,"Not Significant",TRUE,TRUE,FALSE
"OG0003805","Trebouxia",0.0675,2.156,0.0313,0.0516,0.9033,0.0571,47.9533529765346,1.23091738299121,0.207759731214274,0.0744613123737754,"Not Significant",TRUE,TRUE,FALSE
"OG0003821","Trebouxia",0.05,1.9011,0.0263,0.0886,1.2798,0.0692,52.2652341975853,37.1150915326805,3.61402366675751,0.000184866845542331,"Intensified",TRUE,FALSE,TRUE
"OG0003834","Trebouxia",0.1043,1.7105,0.061,0.0546,1.2731,0.0429,53.1128131229098,0.935915678458338,-0.0662298936797928,0.802616707020172,"Not Significant",TRUE,TRUE,FALSE
"OG0003839","Trebouxia",0.0272,0.8611,0.0316,0.0312,2.4567,0.0127,53.426063228355,0.971261670456778,-0.0291593614581558,0.977011637182754,"Not Significant",FALSE,FALSE,FALSE
"OG0003844","Trebouxia",0.0566,1.7463,0.0324,0.0668,1.1177,0.0598,48.9234982187347,1.3544179258405,0.303371787012419,0.132894669624071,"Not Significant",TRUE,FALSE,FALSE
"OG0003848","Trebouxia",0.0714,2.9542,0.0242,0.0572,1.4274,0.04,48.0735405098766,3.48446531313324,1.24831460722879,0.115830855695833,"Not Significant",TRUE,TRUE,FALSE
"OG0003851","Trebouxia",0.1287,2.218,0.058,0.05,0.9218,0.0543,52.2720089092676,1.09819510520793,0.0936680187482859,0.782484483587818,"Not Significant",TRUE,TRUE,FALSE
"OG0003856","Trebouxia",0.108,2.4694,0.0437,0.0805,0.7434,0.1083,49.0639020514624,0.902682294952192,-0.10238462030541,0.878573101520644,"Not Significant",TRUE,TRUE,FALSE
"OG0003864","Trebouxia",0.0087,1.2918,0.0067,0.0042,0.461,0.0091,49.1835695201063,1,0,1,"Not Significant",TRUE,TRUE,FALSE
"OG0003866","Trebouxia",0.0141,1.6645,0.0085,0.0303,0.5385,0.0563,49.865916552858,1.13043311560601,0.122600847435025,0.471615060341327,"Not Significant",TRUE,FALSE,FALSE
"OG0003875","Trebouxia",0.0372,1.9427,0.0191,0.0371,1.3693,0.0271,51.8452847617351,1.07737629203954,0.074528726232451,0.621896837389428,"Not Significant",TRUE,TRUE,FALSE
"OG0003915","Trebouxia",0.08,1.3597,0.0588,0.0551,0.885,0.0623,51.4613088858617,1.00663518754894,0.00661327158298148,1,"Not Significant",TRUE,TRUE,FALSE
"OG0003920","Trebouxia",0.0217,1.7237,0.0126,0.0179,0.9557,0.0188,52.2374678902161,1.11592747500384,0.109685875291704,0.500108574018196,"Not Significant",TRUE,TRUE,FALSE
"OG0003923","Trebouxia",0.0314,1.3166,0.0238,0.0268,1.6274,0.0165,52.5994684053953,0.631191506236931,-0.460145966073124,0.117391823915421,"Not Significant",FALSE,TRUE,FALSE
"OG0003926","Trebouxia",0.0621,1.3051,0.0476,0.0457,1.0584,0.0432,46.2927787169536,1.04753054334913,0.0464355307175831,0.78377883356376,"Not Significant",TRUE,TRUE,FALSE
"OG0003937","Trebouxia",0.0189,1.6499,0.0114,0.0203,1.2427,0.0164,51.945120439669,1.12818553890626,0.120610624395696,0.344438028000139,"Not Significant",TRUE,FALSE,FALSE
"OG0003940","Trebouxia",0.1015,1.4698,0.0691,0.0688,0.9955,0.0691,51.3182293815271,0.881506441371944,-0.126122969885664,0.622773584574101,"Not Significant",TRUE,TRUE,FALSE
"OG0003941","Trebouxia",0.0475,1.203,0.0395,0.0686,1.2473,0.055,51.0026992059616,1.11737245310449,0.110979905067194,0.448663480125548,"Not Significant",FALSE,FALSE,FALSE
"OG0003945","Trebouxia",0.0652,1.36,0.0479,0.0515,1.2772,0.0403,47.3379861184452,0.973152678640184,-0.0272142937512958,0.9069262193768,"Not Significant",TRUE,TRUE,FALSE
"OG0003948","Trebouxia",0.009,1.4339,0.0063,0.0107,0.4897,0.0219,52.231231700229,1.30189779160159,0.26382303963096,0.311129670227366,"Not Significant",TRUE,FALSE,FALSE
"OG0003950","Trebouxia",0.1156,1.8263,0.0633,0.0903,1.7974,0.0503,51.0033910444659,0.720954822557667,-0.327178803081083,0.44172285911034,"Not Significant",TRUE,TRUE,FALSE
"OG0003951","Trebouxia",0.0716,1.1609,0.0617,0.0406,1.1264,0.036,48.248862790076,0.910883833794059,-0.0933399048978537,0.719159852038842,"Not Significant",TRUE,TRUE,FALSE
"OG0003954","Trebouxia",0.0727,2.1916,0.0332,0.0827,1.271,0.065,51.2800592680606,1.21708613374782,0.19645958697161,0.55892111498616,"Not Significant",TRUE,FALSE,FALSE
"OG0003968","Trebouxia",0.2064,1.3885,0.1486,0.106,2.4678,0.043,51.7652304429987,1.03190855241406,0.0314100511312128,0.928640828467662,"Not Significant",FALSE,TRUE,FALSE
"OG0003980","Trebouxia",0.0612,1.3942,0.0439,0.0492,0.9229,0.0533,50.5360751300426,1.11780666818696,0.111368433291882,0.503711379577524,"Not Significant",TRUE,TRUE,FALSE
"OG0003985","Trebouxia",0.1454,2.0134,0.0722,0.0725,2.2187,0.0327,50.7960934819555,0.999790027394267,-0.000209994653066713,1,"Not Significant",FALSE,TRUE,FALSE
"OG0003991","Trebouxia",0.0313,1.3173,0.0238,0.116,0.8274,0.1402,49.1527053268689,50,3.91202300542815,0.00926638779823159,"Intensified",TRUE,FALSE,TRUE
"OG0003996","Trebouxia",0.0969,1.5329,0.0632,0.1119,1.7673,0.0633,47.2547195330501,1.23032121872048,0.207275288720989,0.028037526840521,"Intensified",FALSE,FALSE,TRUE
"OG0004003","Trebouxia",0.1024,2.18,0.047,0.0714,1.1199,0.0637,53.8392244568523,1.57938315094407,0.457034360013844,0.316154080480379,"Not Significant",TRUE,TRUE,FALSE
"OG0004005","Trebouxia",0.0396,1.2392,0.0319,0.1163,1.1629,0.1,48.8873422457838,2.70580559584574,0.995399685277872,0.000307470573856814,"Intensified",TRUE,FALSE,TRUE
"OG0004007","Trebouxia",0.1126,2.9643,0.038,0.2061,2.9604,0.0696,51.7054724817242,1.39314516018182,0.331563896247063,0.282159083563008,"Not Significant",TRUE,FALSE,FALSE
"OG0004026","Trebouxia",0.1237,1.9865,0.0623,0.0987,1.5664,0.063,48.4248050828079,0.925111266717609,-0.0778412603604132,0.739190974131807,"Not Significant",TRUE,TRUE,FALSE
"OG0004032","Trebouxia",0.0678,1.8888,0.0359,0.0674,1.0465,0.0644,49.9803089727884,1.06728351999151,0.0651166539786144,0.687211076182763,"Not Significant",TRUE,TRUE,FALSE
"OG0004035","Trebouxia",0.1127,1.6641,0.0677,0.0981,2.2008,0.0446,50.6720754837872,0.913723146964788,-0.0902276560766111,0.417799382640416,"Not Significant",FALSE,TRUE,FALSE
"OG0004044","Trebouxia",0.0697,1.5853,0.044,0.0646,1.1823,0.0546,52.3474125120054,1.31272284652401,0.272103488899139,0.137884977697843,"Not Significant",TRUE,TRUE,FALSE
"OG0004046","Trebouxia",0.0232,1.0651,0.0218,0.0568,1.0226,0.0555,53.8330386818326,1.46917305923302,0.384699697763546,0.115830855695833,"Not Significant",TRUE,FALSE,FALSE
"OG0004049","Trebouxia",0.024,1.4443,0.0166,0.02,1.0243,0.0195,50.633577335239,0.130630452010111,-2.03538291925761,0.56066199796178,"Not Significant",TRUE,TRUE,FALSE
"OG0004052","Trebouxia",0.1783,2.2187,0.0803,0.1151,2.9512,0.039,50.3310998940068,0.874651750959721,-0.133929470750283,0.485561460598835,"Not Significant",FALSE,TRUE,FALSE
"OG0004056","Trebouxia",0.1412,1.5209,0.0928,0.0723,1.6328,0.0443,51.9633093998463,1.0097243537821,0.00967737655711147,0.999802839090342,"Not Significant",FALSE,TRUE,FALSE
"OG0004072","Trebouxia",0.0735,2.6275,0.028,0.0638,1.2448,0.0513,49.8574682811831,1.16119796301667,0.149452198961386,0.289832534226338,"Not Significant",TRUE,TRUE,FALSE
"OG0004076","Trebouxia",0.0988,2.7133,0.0364,0.073,0.9993,0.073,53.1400523267196,1.17530064230079,0.161523980655958,0.20250920027003,"Not Significant",TRUE,TRUE,FALSE
"OG0004078","Trebouxia",0.0953,1.6088,0.0593,0.0512,1.6508,0.031,51.5099939103934,0.866596424467348,-0.143181895616818,0.23600790912984,"Not Significant",FALSE,TRUE,FALSE
"OG0004082","Trebouxia",0.0664,1.1187,0.0593,0.1016,0.903,0.1125,51.3672811970769,2.81105980714408,1.03356156780766,0.0400881507457077,"Intensified",TRUE,FALSE,TRUE
"OG0004088","Trebouxia",0.1096,1.721,0.0637,0.1017,1.1057,0.092,48.1999198033852,1.26215723221387,0.232822346068247,0.194524452759397,"Not Significant",TRUE,TRUE,FALSE
"OG0004089","Trebouxia",0.0846,2.9636,0.0285,0.0479,1.1186,0.0428,53.3187157139973,0.590746999508768,-0.526367442049868,0.267630970770059,"Not Significant",TRUE,TRUE,FALSE
"OG0004106","Trebouxia",1e-04,0.9726,1e-04,0,0.3489,1e-04,48.2385546863171,0.848650704573981,-0.164107597145776,1,"Not Significant",TRUE,TRUE,FALSE
"OG0004108","Trebouxia",0.0822,1.9906,0.0413,0.1256,1.0174,0.1234,50.3662043706672,1.18615940502429,0.17072069712932,0.302069352907759,"Not Significant",TRUE,FALSE,FALSE
"OG0004109","Trebouxia",0.0646,1.8185,0.0355,0.0578,1.656,0.0349,50.540936353558,1.17741205819393,0.163318858933733,0.329554052311146,"Not Significant",TRUE,TRUE,FALSE
"OG0004112","Trebouxia",0.0362,1.2983,0.0279,0.0269,0.6992,0.0384,45.2515535008769,1.07360210190514,0.0710194450436646,0.520623060019712,"Not Significant",TRUE,TRUE,FALSE
"OG0004120","Trebouxia",0.1244,2.0823,0.0598,0.0882,1.8578,0.0475,49.6395286165414,1.09862910993099,0.0940631388727998,0.590103642876729,"Not Significant",TRUE,TRUE,FALSE
"OG0004123","Trebouxia",0.0617,1.8466,0.0334,0.0466,0.7945,0.0587,47.2272319397773,49.7362677240897,3.90673439985607,0.143429373845573,"Not Significant",TRUE,TRUE,FALSE
"OG0004134","Trebouxia",0.0887,2.0892,0.0425,0.0812,1.1268,0.0721,48.7650830671396,1.26203360739325,0.232724394028508,0.361229287803602,"Not Significant",TRUE,TRUE,FALSE
"OG0004150","Trebouxia",2e-04,1.6582,1e-04,1e-04,1.1534,1e-04,49.3444718750707,0.853213501968102,-0.158745467418617,1,"Not Significant",TRUE,TRUE,FALSE
"OG0004162","Trebouxia",0.0614,1.6395,0.0374,0.1159,1.5166,0.0764,51.6744637392875,1.53985367436952,0.431687395268003,0.0400881507457077,"Intensified",TRUE,FALSE,TRUE
"OG0004170","Trebouxia",0.0565,2.1054,0.0268,0.0681,0.7279,0.0936,49.6949576561155,1.447499568677,0.369837632487073,0.0242574433650422,"Intensified",TRUE,FALSE,TRUE
"OG0004182","Trebouxia",0.0312,2.1482,0.0145,0.0201,1.1642,0.0173,51.6517766899719,0.856884800528391,-0.15445179120695,0.85775755341562,"Not Significant",TRUE,TRUE,FALSE
"OG0004200","Trebouxia",0.0799,2.771,0.0288,0.0258,0.945,0.0273,50.6509920653964,0.357816629077574,-1.02773463308594,0.0464953481131496,"Relaxed",TRUE,TRUE,TRUE
"OG0004204","Trebouxia",0.0865,1.6885,0.0512,0.0745,1.1447,0.0651,48.3820772880659,1.06049984851056,0.0587403521753999,0.611731223631306,"Not Significant",TRUE,TRUE,FALSE
"OG0004223","Trebouxia",0.0661,2.0212,0.0327,0.0975,1.4475,0.0673,48.4206774000179,1.46439190138667,0.381440071919965,0.0233914150437876,"Intensified",TRUE,FALSE,TRUE
"OG0004226","Trebouxia",0.0298,1.2238,0.0244,0.063,1.0776,0.0584,49.6633173043627,1.17015577596316,0.157136881795927,0.44172285911034,"Not Significant",TRUE,FALSE,FALSE
"OG0004245","Trebouxia",0.0605,2.9812,0.0203,0.1077,2.0647,0.0522,51.2741406936004,1.92905095073774,0.657028146606261,0.00507730160583881,"Intensified",TRUE,FALSE,TRUE
"OG0004252","Trebouxia",0.0864,1.7833,0.0484,0.024,1.4159,0.017,48.9355550155862,0.806535584689514,-0.215007260022581,0.338529585850148,"Not Significant",TRUE,TRUE,FALSE
"OG0004254","Trebouxia",0.0895,1.8218,0.0491,0.0677,1.3351,0.0507,52.078444994754,0.910226696887591,-0.0940615930369519,0.59994263704733,"Not Significant",TRUE,TRUE,FALSE
"OG0004257","Trebouxia",0.0435,1.6214,0.0268,0.0383,0.7563,0.0507,49.4518289496754,0.842109921903351,-0.171844724681733,0.592901709467462,"Not Significant",TRUE,TRUE,FALSE
"OG0004295","Trebouxia",0.0583,2.0074,0.0291,0.0777,0.9899,0.0784,49.5314580439617,27.4381622094707,3.31193482574125,0.0250416668389893,"Intensified",TRUE,FALSE,TRUE
"OG0004304","Trebouxia",0.0675,1.2055,0.056,0.0615,1.6672,0.0369,53.3860675648187,1.02507781504395,0.0247685268248629,0.950098531243784,"Not Significant",FALSE,TRUE,FALSE
"OG0004307","Trebouxia",0.1408,1.9928,0.0707,0.1896,2.1804,0.0869,51.2947260841877,1.01047057590948,0.0104161390897229,1,"Not Significant",FALSE,FALSE,FALSE
"OG0004310","Trebouxia",0.0346,0.9927,0.0348,0.0685,1.2174,0.0563,47.0203291042381,1.24761398274283,0.221232913401781,0.106028485245768,"Not Significant",FALSE,FALSE,FALSE
"OG0004321","Trebouxia",0.0683,0.7732,0.0883,0.1075,1.0264,0.1047,45.2818561969814,1.28263177130428,0.248914038441174,0.139821910284848,"Not Significant",FALSE,FALSE,FALSE
"OG0004329","Trebouxia",0.0779,1.701,0.0458,0.0674,0.9744,0.0691,48.3616016448348,13.7982692609881,2.6245431684275,0.00748357294225457,"Intensified",TRUE,TRUE,TRUE
"OG0004336","Trebouxia",0.055,1.5602,0.0352,0.0734,1.403,0.0523,52.5516565387921,1.41802016110189,0.34926164599327,0.194524452759397,"Not Significant",TRUE,FALSE,FALSE
"OG0004341","Trebouxia",0.0504,0.9266,0.0544,0.0653,1.4972,0.0436,51.7276691407117,1.37304176137084,0.317028542471007,0.120608463740239,"Not Significant",FALSE,FALSE,FALSE
"OG0004348","Trebouxia",0.0588,2.0764,0.0283,0.0536,0.7263,0.0737,49.1630278048388,1.26105046573032,0.231945076586679,0.316992976307798,"Not Significant",TRUE,TRUE,FALSE
"OG0004351","Trebouxia",0.0442,1.0739,0.0412,0.0528,1.711,0.0309,50.2648250267604,1.14498705434647,0.135393330694661,0.282901660578755,"Not Significant",FALSE,FALSE,FALSE
"OG0004359","Trebouxia",0.1079,1.962,0.055,0.1009,1.0682,0.0944,51.5371497927604,1.39606713789009,0.333659096228227,0.101247589807568,"Not Significant",TRUE,TRUE,FALSE
"OG0004368","Trebouxia",0.1045,1.9191,0.0544,0.1424,2.7309,0.0522,53.324556109302,1.03324871134886,0.0327079272265974,0.913474783000967,"Not Significant",FALSE,FALSE,FALSE
"OG0004373","Trebouxia",0.0597,2.1343,0.028,0.0672,0.8399,0.08,48.8908178473358,1.31073390164711,0.270587210607645,0.0250416668389893,"Intensified",TRUE,FALSE,TRUE
"OG0004380","Trebouxia",0.0813,1.8325,0.0444,0.0641,1.9192,0.0334,49.6774582035395,0.972402021372259,-0.0279859577966905,0.896988297308922,"Not Significant",FALSE,TRUE,FALSE
"OG0004385","Trebouxia",0.0645,1.645,0.0392,0.0609,1.0501,0.058,50.0625444123241,1.36977048079712,0.314643193540057,0.542524628119877,"Not Significant",TRUE,TRUE,FALSE
"OG0004389","Trebouxia",0.1305,2.238,0.0583,0.0883,1.9621,0.045,51.3049995439378,1.08536374645769,0.0819151810000517,0.539233090276362,"Not Significant",TRUE,TRUE,FALSE
"OG0004392","Trebouxia",0.0773,1.2043,0.0642,0.067,1.003,0.0668,50.2051568044016,1.18239724117548,0.167543937967774,0.282159083563008,"Not Significant",TRUE,TRUE,FALSE
"OG0004403","Trebouxia",0.0879,1.7625,0.0499,0.0801,1.472,0.0544,49.0062807619083,1.03867767465831,0.0379484374790121,0.89183449651187,"Not Significant",TRUE,TRUE,FALSE
"OG0004410","Trebouxia",0.0916,1.3786,0.0665,0.1008,1.7284,0.0583,47.0233123070056,1.10649700066843,0.101199169857689,0.457799087945303,"Not Significant",FALSE,FALSE,FALSE
"OG0004419","Trebouxia",0.1357,2.1722,0.0625,0.0852,1.8925,0.045,52.3707523615047,1.22450200020547,0.202534230896272,0.385058045519768,"Not Significant",TRUE,TRUE,FALSE
"OG0004423","Trebouxia",0.0228,1.1531,0.0198,0.051,0.8056,0.0633,43.9917385119563,1.55222682152769,0.439690558974017,0.329554052311146,"Not Significant",TRUE,FALSE,FALSE
"OG0004425","Trebouxia",0.0409,2.6597,0.0154,0.0216,1.4216,0.0152,46.2429890404482,1.17318283681872,0.159720428640403,0.56246550642232,"Not Significant",TRUE,TRUE,FALSE
"OG0004431","Trebouxia",0.1107,1.5347,0.0721,0.118,2.0096,0.0587,52.867307690216,0.602204932886077,-0.507157471526544,0.309961528801739,"Not Significant",FALSE,FALSE,FALSE
"OG0004433","Trebouxia",0.0313,2.3993,0.013,0.0179,1.3049,0.0137,51.7944597659798,1.09637192962304,0.0920064828048525,0.516625721458323,"Not Significant",TRUE,TRUE,FALSE
"OG0004438","Trebouxia",0.0727,1.4129,0.0514,0.1014,0.9443,0.1074,49.5077973073912,1.36790361049089,0.313279356550447,0.782484483587818,"Not Significant",TRUE,FALSE,FALSE
"OG0004439","Trebouxia",0.0669,2.1493,0.0311,0.0282,0.8349,0.0338,51.606315792679,1.0145749368461,0.0144697433479044,0.961393775573106,"Not Significant",TRUE,TRUE,FALSE
"OG0004443","Trebouxia",0.0238,1.4497,0.0164,0.027,0.8988,0.03,49.1824386227251,5.58267949020707,1.71966885651393,0.91769235733464,"Not Significant",TRUE,FALSE,FALSE
"OG0004459","Trebouxia",0.0341,1.9286,0.0177,0.0309,1.8502,0.0167,52.5749335698723,1.13543282619886,0.127013922908565,0.803347463221231,"Not Significant",TRUE,TRUE,FALSE
"OG0004465","Trebouxia",0.0717,1.3673,0.0525,0.0919,1.9749,0.0466,49.6444433248734,1.28976858925422,0.254462814106573,0.0712543835318867,"Not Significant",FALSE,FALSE,FALSE
"OG0004482","Trebouxia",0.1107,1.5497,0.0715,0.0573,1.5355,0.0373,50.4599048647282,0.889371806354448,-0.117239901031946,0.532483537331537,"Not Significant",TRUE,TRUE,FALSE
"OG0004485","Trebouxia",0.0339,1.4932,0.0227,0.0374,1.5037,0.0249,49.8664897956618,1.15107272504336,0.140694311969043,0.338529585850148,"Not Significant",FALSE,FALSE,FALSE
"OG0004490","Trebouxia",0.0564,2.9312,0.0192,0.0794,1.5683,0.0506,52.504474239291,1.31007980675814,0.270088056546857,0.0128080199995874,"Intensified",TRUE,FALSE,TRUE
"OG0004499","Trebouxia",0.0969,1.5618,0.062,0.1171,2.9207,0.0401,49.1827859237336,1.28751172191341,0.252711457913077,0.485728550298244,"Not Significant",FALSE,FALSE,FALSE
"OG0004502","Trebouxia",0.0031,0.9101,0.0034,0.0059,0.7017,0.0084,46.6973554569763,2.1505122124805,0.76570605212834,0.853248888094571,"Not Significant",TRUE,FALSE,FALSE
"OG0004509","Trebouxia",0.2193,2.9282,0.0749,0.2207,2.1008,0.1051,51.5498187020475,1.47818694683805,0.390816300885912,0.243430866331223,"Not Significant",TRUE,FALSE,FALSE
"OG0004517","Trebouxia",0.0624,1.3866,0.045,0.0622,0.7941,0.0784,44.2146511914595,1.25929563061835,0.230552541332828,0.508726876039037,"Not Significant",TRUE,TRUE,FALSE
"OG0004519","Trebouxia",0.1808,2.5913,0.0698,0.1067,2.2157,0.0482,49.7509217360392,0.986530974617926,-0.0135605555147457,1,"Not Significant",TRUE,TRUE,FALSE
"OG0004520","Trebouxia",0.0853,2.1533,0.0396,0.0922,0.5968,0.1544,46.7526770782525,1.13024106769103,0.122430944211588,0.56066199796178,"Not Significant",TRUE,FALSE,FALSE
"OG0004525","Trebouxia",0.0844,1.3903,0.0607,0.1186,1.5414,0.0769,50.0379733132442,1.13893749463516,0.130095805553751,0.461421433915992,"Not Significant",FALSE,FALSE,FALSE
"OG0004541","Trebouxia",0.0495,1.1226,0.0441,0.0397,1.3933,0.0285,53.6599745968018,0.859813583695453,-0.151039676375932,0.409026050624483,"Not Significant",FALSE,TRUE,FALSE
"OG0004550","Trebouxia",0.0533,1.2405,0.043,0.0547,0.9776,0.0559,48.3306412463636,0.8690865641819,-0.140312545119848,0.728224886565524,"Not Significant",TRUE,FALSE,FALSE
"OG0004553","Trebouxia",0.1079,1.9474,0.0554,0.0647,2.1,0.0308,52.3187323207359,0.874865049013576,-0.133685634217916,0.318451302219029,"Not Significant",FALSE,TRUE,FALSE
"OG0004562","Trebouxia",0.041,1.6052,0.0255,0.0404,0.7414,0.0545,48.383640833559,1.35378065404468,0.302901162877016,0.503711379577524,"Not Significant",TRUE,TRUE,FALSE
"OG0004576","Trebouxia",0.0789,1.31,0.0602,0.062,1.0648,0.0582,51.6860809830822,0.890709223793151,-0.115737252930311,0.754008851567524,"Not Significant",TRUE,TRUE,FALSE
"OG0004579","Trebouxia",0.0846,1.5465,0.0547,0.0269,0.6892,0.0391,51.7747974698132,0.747931656174693,-0.290443673932448,0.207578016517111,"Not Significant",TRUE,TRUE,FALSE
"OG0004585","Trebouxia",0.158,1.6273,0.0971,0.1337,1.2545,0.1065,50.4136129016674,1.0435559348369,0.0426340492004909,0.858536282361548,"Not Significant",TRUE,TRUE,FALSE
"OG0004588","Trebouxia",0.0902,0.9947,0.0907,0.0443,1.1238,0.0394,45.7608152537967,1.06753794923411,0.0653550151225951,0.928640828467662,"Not Significant",FALSE,TRUE,FALSE
"OG0004598","Trebouxia",0.0464,2.6479,0.0175,0.0034,2.0016,0.0017,52.5417113113874,0.592915261379397,-0.522703788375098,0.226278826623838,"Not Significant",TRUE,TRUE,FALSE
"OG0004603","Trebouxia",0.0986,1.8793,0.0525,0.1122,1.2368,0.0907,53.0749978200126,1.32372711115029,0.28045132686825,0.0873503283380834,"Not Significant",TRUE,FALSE,FALSE
"OG0004604","Trebouxia",0.019,2.2771,0.0084,0.0169,1.088,0.0155,51.9785031613064,1.0082649489937,0.00823098133507186,1,"Not Significant",TRUE,TRUE,FALSE
"OG0004612","Trebouxia",0.1199,1.444,0.0831,0.0683,1.1959,0.0571,51.0913462379741,0.86925256436975,-0.140121558003897,0.283981821483754,"Not Significant",TRUE,TRUE,FALSE
"OG0004616","Trebouxia",0.0932,1.7266,0.054,0.0879,1.8256,0.0481,50.3524732294333,1.06038275899199,0.0586299363341179,0.928640828467662,"Not Significant",FALSE,TRUE,FALSE
"OG0004625","Trebouxia",0.0234,1.48,0.0158,0.0364,0.6591,0.0553,48.4360678192387,1.41538306319462,0.347400210496828,0.0752004459278706,"Not Significant",TRUE,FALSE,FALSE
"OG0004629","Trebouxia",0.0949,1.51,0.0628,0.0889,1.5783,0.0563,50.3488567242654,1.07559753261318,0.0728763514467375,0.351865616051542,"Not Significant",FALSE,TRUE,FALSE
"OG0004630","Trebouxia",0.0344,1.1885,0.029,0.0172,0.4962,0.0346,48.5654632681346,1.15810250441922,0.146782893730009,0.44172285911034,"Not Significant",TRUE,TRUE,FALSE
"OG0004642","Trebouxia",0.1188,1.5086,0.0788,0.102,2.4362,0.0419,52.856397840936,1.13247047303558,0.124401505660398,0.271411578127641,"Not Significant",FALSE,TRUE,FALSE
"OG0004643","Trebouxia",0.068,2.6349,0.0258,0.0904,1.2029,0.0752,48.5221181253959,1.9666625281971,0.67633795793479,3.57583990062693e-05,"Intensified",TRUE,FALSE,TRUE
"OG0004650","Trebouxia",0.1556,2.894,0.0538,0.1417,1.7926,0.079,52.4012210834859,15.0187632933507,2.70930030561924,0.00238448676196275,"Intensified",TRUE,TRUE,TRUE
"OG0004663","Trebouxia",2e-04,1.5525,1e-04,0.0119,0.5544,0.0215,51.2257375848415,25.2160270795568,3.22747978757863,0.443978255950092,"Not Significant",TRUE,FALSE,FALSE
"OG0004665","Trebouxia",0.0483,1.6317,0.0296,0.0397,1.5226,0.0261,48.25839397905,13.9103651866642,2.63263425912518,0.351865616051542,"Not Significant",TRUE,TRUE,FALSE
"OG0004669","Trebouxia",0.0776,2.2888,0.0339,0.0619,1.278,0.0484,52.5631022324455,1.90015274293514,0.641934273959705,0.0363088410740957,"Intensified",TRUE,TRUE,TRUE
"OG0004671","Trebouxia",0.0336,1.2582,0.0267,0.0336,0.6434,0.0523,46.5654288512904,1.34419512234269,0.295795411877818,0.275854479081226,"Not Significant",TRUE,FALSE,FALSE
"OG0004674","Trebouxia",0.0401,1.9899,0.0202,0.0155,0.8623,0.018,50.6120959348512,0.94507402406062,-0.0564920222169318,0.936322072413976,"Not Significant",TRUE,TRUE,FALSE
"OG0004691","Trebouxia",0.0861,1.4919,0.0577,0.0775,1.5612,0.0497,51.3360336689374,0.400492725753732,-0.9150596755507,0.0289593699850487,"Relaxed",FALSE,TRUE,TRUE
"OG0004696","Trebouxia",0.0558,1.813,0.0308,0.078,2.6297,0.0296,50.9386607431937,1.62831347206257,0.48754479945188,0.00926638779823159,"Intensified",FALSE,FALSE,TRUE
"OG0004697","Trebouxia",0.0816,1.599,0.051,0.0543,1.3533,0.0401,50.6715672145281,1.00386097928374,0.00385354483325073,1,"Not Significant",TRUE,TRUE,FALSE
"OG0004716","Trebouxia",0.0435,1.809,0.0241,0.0463,1.4905,0.031,49.3297024128956,1.15598466859917,0.14495250770477,0.453439625085308,"Not Significant",TRUE,FALSE,FALSE
"OG0004719","Trebouxia",0.1119,1.7185,0.0651,0.0705,1.4567,0.0484,51.3304629357141,1.17235665674525,0.159015959489569,0.391850155146857,"Not Significant",TRUE,TRUE,FALSE
"OG0004728","Trebouxia",0.0583,2.0327,0.0287,0.0402,0.7201,0.0558,52.0185578988736,0.898719795716878,-0.106783977502565,0.811792038789188,"Not Significant",TRUE,TRUE,FALSE
"OG0004737","Trebouxia",0.0846,1.231,0.0687,0.0721,1.7471,0.0413,48.4923573085669,0.931133207090406,-0.071352932358445,0.699030633076743,"Not Significant",FALSE,TRUE,FALSE
