GeneID,Coccomyxa,Symbiochloris,Trebouxia_vs_Myrmecia,Asterochloris_vs_Myrmecia
OG0003370,0.527865268,0.4702371029,1.5666510777,1.5638166085
OG0003372,0.8657728003,1.4479032709,1.6340133041,1.9046437029
OG0003374,0.259441966,0.32486889399999996,0.46647880459999996,0.46528371259999995
OG0003378,0.20041422120000002,0.2380531757,0.5188298697,0.8525634064000001
OG0003379,0.6798831784,1.2997220943999999,2.66863341,2.1635703066
OG0003380,0.4145385852,0.2121461388,0.7243554607,0.7446823088
OG0003381,0.2721103137,0.31078396939999997,0.33942272669999995,0.4886679816
OG0003382,0.6066583571,1.0392461791,1.2168824953000001,1.3721634878
OG0003383,0.3212305152,0.3002798498,0.4527015581,0.46172880190000004
OG0003384,1.2146821616999999,0.7237529415,0.9140682334000001,0.8769673922000001
OG0003386,0.3016928746,0.2892878269,0.4589279224,0.4782286606
OG0003387,0.5748981534,0.6974418185,2.0680560303,2.2850025399
OG0003388,0.3107372664,0.43565314060000004,1.133901524,1.817244648
OG0003390,0.3833636759,0.9804102692,1.2273628162999999,1.0813256382
OG0003391,0.40902389650000004,0.6706547879,0.869423364,1.0384925672
OG0003393,0.5363852918,0.5087315795,1.0270693309999999,1.1208776296
OG0003396,0.47715089600000005,0.3832466899,0.8307514444999999,0.6943519279
OG0003397,0.3726525648,0.44556024650000003,0.9689047615999999,0.9616586235
OG0003400,0.4141371549,0.5460464648000001,0.7112215118,1.0124755847
OG0003402,0.32120210039999997,0.1894514342,0.7692158177,0.7665244643
OG0003403,0.1462225959,0.3342747365,0.4239741931,0.4261382008
OG0003404,0.2592877764,0.38789390090000003,0.6458561358,0.6112019473000001
OG0003405,0.49462063889999996,0.3944483967,0.7618503047,0.9245303459
OG0003406,0.563548962,0.43577529439999996,1.1996356572,1.7496876827
OG0003407,0.42832729319999996,0.6209322535,1.0448290222,1.1002344054
OG0003408,0.791553916,0.8516860324,2.4763045069,2.0153840155
OG0003410,0.8406951402,1.1149866182000001,1.5395674528,2.4338079639999997
OG0003411,0.5637173523,0.5495726251999999,1.1738101249000001,1.1627639238
OG0003412,0.6920821373999999,0.9853779327,1.0079976811,1.1092419131
OG0003413,0.9157251506999999,0.7190797919,1.8053372566,1.7887593594000002
OG0003414,0.5055468645,0.5509255505,0.8204964415,0.7777653784
OG0003415,0.3897047952,0.1316137983,0.9842128877,0.8298403424
OG0003419,0.5232133879,0.3222454763,0.6781761091,0.8031296604
OG0003420,0.9014408788,0.47583621099999995,0.9044295364999999,1.4897527774000001
OG0003423,0.7413750817,0.8145379643,1.3311747853,1.6800689799
OG0003424,0.5962606266,0.7362529497,2.8255483045,2.0265744551
OG0003425,0.8054017056,0.9605388624,0.9563812121999999,1.3735746562
OG0003426,0.7403819722,0.9179347855,1.6075461829,1.9293700667
OG0003427,0.4296593154,0.4212886442,0.5066532329,0.5634089075
OG0003429,0.258555708,0.3716845368,0.7731436213,0.798752157
OG0003430,1.7951220652000002,1.3618248596,2.6849469507999997,2.7609049269
OG0003432,0.6797684657,0.8198208401,1.7510897504999998,1.9901828261999999
OG0003435,0.1333163979,0.1793014927,0.4776365563,0.4938962656
OG0003436,0.5222484236,0.41502955259999996,1.1947275305999998,1.1790100793999998
OG0003438,0.9244138466,0.4358359775,1.1521679863,1.083616302
OG0003439,0.5430764996999999,0.45077137759999997,0.8026544900999999,1.189647384
OG0003440,0.7662948008999999,1.1387006627,1.2294315531,1.2643732658
OG0003441,0.26850584980000003,0.3154292042,0.5547778836999999,0.5958257982999999
OG0003442,0.7517851792,1.0860765548,0.9455543927000001,1.000635791
OG0003443,0.5425848401,0.7499963412999999,1.0867153038,0.9918942984
OG0003445,0.9473574864,0.9720251549000001,1.1249419743,0.9200840497
OG0003447,0.4294981441,0.5255423678,0.8587670565,0.940512578
OG0003448,0.4301540735,0.4540831219,0.9495744688000001,1.2043114909
OG0003450,0.6616956487000001,0.6746933115,1.1416348659,1.139417349
OG0003452,0.1354104421,0.083030344,0.010537385900000001,0.0161316609
OG0003453,0.8092872695,0.8168423399,1.2460671702,0.695862724
OG0003454,0.9596929896999999,0.6515155645,4.1611056762,4.3477472529
OG0003455,0.7868490233000001,0.8864275999,1.2254899361,1.3644876662
OG0003457,0.33193080610000003,0.317287131,0.7347577767,0.5981738209
OG0003459,0.4500552002,0.7524787299,0.724852783,0.8513264178
OG0003460,0.1040729645,0.16187150379999998,0.4001622079,0.4506548619
OG0003461,0.3826486564,0.4896812586,0.7080038929000001,0.7808755226
OG0003462,0.1876215753,0.2472299321,0.2662701463,0.34943112629999995
OG0003463,0.38594166929999996,0.4240008145,1.1665878110999999,1.1472894301
OG0003464,1.2341418411,1.3781381839,1.3673384843,2.0017731868
OG0003465,0.3020122911,0.2963760251,0.6579240743,0.7827936295
OG0003467,0.23343342639999998,0.2002710326,0.366416791,0.4698586865
OG0003468,1.0059489502,0.9017104069999999,1.8626223498,2.0780946994000002
OG0003469,0.1785963163,0.12254182229999999,0.2524081865,0.2205545249
OG0003470,1.3735653032,1.6283674161,2.269228268,1.8421112933
OG0003473,0.2601242661,0.30967811700000003,0.4219440509,0.3336507716
OG0003474,1.1619661292,1.2320793645,1.6207017074999999,1.9623339535
OG0003475,0.2941234844,0.4239633409,0.7941703604999999,0.8142529673999999
OG0003478,0.4089772043,0.6321533323999999,1.0363618163,0.9865294464000001
OG0003479,0.533602354,0.5561632551,1.1373750306,1.4260594682
OG0003481,0.4191647385,0.8715596451000001,0.8634898773999999,1.0968963255
OG0003482,0.6967002535,0.582434332,1.0622902997,1.1729695257000001
OG0003483,0.18987786359999997,0.1905166131,0.3700640572,0.5080106031
OG0003484,0.22751998340000001,0.2594288003,0.509274104,0.5433609119
OG0003485,0.1938806012,0.2645918493,0.45959192969999996,0.5277720697999999
OG0003486,0.6222131072999999,0.8412458723,1.4065217776,1.3558707208
OG0003487,0.4861957998,0.4184729865,0.7160495169000001,0.6537577045
OG0003489,0.7308889514,0.3474365995,1.2226813042,1.2101768479000001
OG0003490,0.3609222313,0.3790557913,0.995796014,0.9519810930999999
OG0003491,0.15398561090000001,0.3660891864,0.5247964044,0.6339012464
OG0003492,0.1825443785,0.19630401749999998,0.4291916887,0.4106836827
OG0003493,1.8306619905,1.100592798,1.7109177887,2.6943833684
OG0003494,0.1233444557,0.1694182147,0.3539842167,0.3545768113
OG0003497,0.9946207461000001,0.6665833298,0.8884793425999999,2.0838171561
OG0003498,0.5870708766999999,0.5206752994,1.4240987403999998,1.4538252971999999
OG0003499,0.3062839438,0.3834751187,0.7914246887,0.7209294782
OG0003501,0.3005205216,0.2857937341,0.7046617427999999,0.7117366943
OG0003502,0.4454263833,0.4914226705,0.7444288454,0.7112301763
OG0003503,0.3361682774,0.3796436632,0.8218223852,0.8515585742
OG0003504,0.40332422830000003,0.7290736879,2.1345859774,1.3295450508
OG0003506,0.6030022288,0.6493743522,1.2464443774,1.1666624131
OG0003507,1.2760026328,0.9576012958,1.4245081492,2.024407168
OG0003508,0.8800103882,0.9685214453000001,1.5707888313,1.392806284
OG0003509,0.37163356189999996,0.4019883771,0.7823983779,0.7070205478
OG0003510,0.31188720680000004,0.4959234698,0.9167797991,0.7368389269
OG0003512,0.3291439944,0.1857057732,0.334964826,0.4355486853
OG0003514,0.4017896542,0.42374554070000003,0.8228656882,0.8888941411
OG0003516,0.4661341306,0.4581172002,0.9474830668,1.2635973513
OG0003517,0.9775122325000001,0.8343180698999999,1.116548233,1.0292513219
OG0003519,0.116745527,0.0678537749,0.1357061162,0.1552756135
OG0003520,0.2441692822,0.24533450029999998,0.4869599496,0.5218511737
OG0003521,0.35528737759999995,0.3977851147,0.9408138779999999,1.1226918592
OG0003523,0.7802547418,0.6814496294000001,1.0366493231,1.2340722226
OG0003524,0.7029618723,0.342440985,0.7468403029999999,0.6993854085
OG0003525,0.4844080854,0.2097443862,0.7949603075,1.0956408603
OG0003527,0.2407416044,0.2047799981,0.6381058528000001,0.8642058356
OG0003528,0.5487161062,0.3264097187,0.5212404377,0.599676148
OG0003529,0.6890540078,0.6896757557,1.067301707,1.1569592834
OG0003530,1.1536447196,0.8429023175,1.4074746975,1.3760570641999998
OG0003531,0.0540137093,0.2379021219,0.2702486921,0.3093293653
OG0003533,0.30894128249999997,0.33947416750000003,0.6855331188,0.5875053403
OG0003534,0.7502301694,0.8562549708,0.8533395786,1.3418071647
OG0003535,0.2141476598,0.2070531994,0.4838267041,0.5566709212000001
OG0003536,0.1868650828,0.2267190468,0.4244818872,0.4968004963
OG0003537,0.2267081504,0.4051606996,0.5926442631,0.5930002167999999
OG0003538,0.7631077891,0.5253215799,1.1624370446,1.4094487111
OG0003539,0.0321650993,0.09593959699999999,0.1328513789,0.1850361609
OG0003541,0.9637478472000001,0.8047984887999999,3.1122760254,3.1182966959000002
OG0003542,0.22357887040000002,0.3107516422,0.49151814509999997,0.435281747
OG0003544,0.4793432752,0.5188988328999999,0.7953698735999999,0.8515577374
OG0003549,0.7024396152,0.6439591962,1.1647299006,1.3706512169
OG0003553,0.6248685158,0.9614403126,3.7563458691,1.4176514349
OG0003555,0.5545226931,0.3863615429,1.3573343354,1.6686633516
OG0003556,0.4279606161,0.4119538162,0.6286607297,0.7770221685
OG0003557,0.5178998025,0.3801730018,0.7167810187,0.8327046037000001
OG0003559,0.2093806941,0.1690486628,0.3343369841,0.4103531633
OG0003560,0.531165863,1.1427330211,0.793758302,1.0445146236
OG0003561,0.8990429121,2.1028486792,1.7000615156999999,1.6040733352999998
OG0003564,0.7804841222000001,0.987184618,1.751799626,1.5050586106
OG0003565,0.184325344,0.5606968967,1.090232055,1.6692952002
OG0003566,0.8289283298000001,0.8896102262,1.1470746594999999,1.9178408449
OG0003567,0.22631617040000002,0.364237957,1.0572857782,1.3784624205
OG0003568,4.4676486131,1.005169634,4.0223455543,4.630778406
OG0003569,0.5256184619000001,0.8395841194,0.8833650479,1.1983194113
OG0003570,0.18876365509999998,0.2940080426,0.9940736361,1.1995979544000002
OG0003571,0.08884380739999999,0.0695969939,0.15736596320000001,0.15020823360000002
OG0003572,0.4190000318,0.4687033613,1.5310811158,1.4185850625
OG0003573,0.3675382344,0.4471244811,0.6565045042,0.7262249192
OG0003574,0.603459452,0.6266551097999999,0.7977622959,0.8394563976
OG0003575,0.39876072490000003,0.4501808226,0.8548617889,0.8105223787
OG0003576,0.30098212189999995,0.7019471719,0.813103159,0.9949750233000001
OG0003577,1.3529763807,0.7929614993,0.9982807401,1.4011511073
OG0003578,0.4964815333,0.4831552497,0.9518983217000001,1.0727361002
OG0003580,0.7564441096,1.1882920782,0.7849113117,0.8223971796
OG0003581,0.4631801643,0.5746215069,0.8177011804000001,0.8672458504
OG0003583,0.4027581601,0.24154256740000002,0.5558197307,0.4370814378
OG0003584,1.2589578301000002,0.3283424275,0.8974143483,0.8185987601
OG0003585,0.6977424058,0.6324291249,1.0572700905,1.0813105570000001
OG0003587,0.4321184872,0.3929552086,0.7787118932,0.8990971748000001
OG0003588,0.28715192,0.2584241097,0.9628913005999999,0.814548508
OG0003589,0.309371565,0.2829176593,0.5479868858,0.5121962485
OG0003590,0.8092859756,0.8389771371999999,1.483351549,1.4385641513
OG0003591,0.7160696618,0.7741761869,1.5847597326999998,1.5522106251999999
OG0003592,0.23695336970000003,0.3139400043,0.6992080709,0.9011463568
OG0003593,6.607334055099999,0.8127557396,2.8954744983,3.0792969600999998
OG0003594,0.8496639032,1.1592761222,1.2225175576,1.3831695796
OG0003595,0.46557472980000003,0.4926788713,1.1030368435,1.0528790931
OG0003598,0.4446678559,0.3116229048,0.8949250298,1.3436180324
OG0003599,1.2537890027,0.5895800361,0.3439162226,0.2615702767
OG0003601,0.1367405975,0.2144098135,0.3692893625,0.35522471180000004
OG0003605,0.1479666723,0.3226931426,0.2925503627,0.3482039318
OG0003606,0.4875868701,0.4521324371,0.9581114863,1.0884790921
OG0003609,0.25720237879999996,0.3060728874,0.5685350306,0.6493315365
OG0003614,0.6721930969000001,0.6147716826,0.6682197159000001,0.9944589412
OG0003615,2.1026123542,1.2767346271,2.7331512101,3.6280134356
OG0003616,0.4943665599,0.5630369618,0.7753264924000001,0.9538671128
OG0003621,0.8065742387,1.1628999713,1.3398870692,1.208642954
OG0003623,0.1244767132,0.1295712719,0.2643492468,0.22886496359999997
OG0003624,0.5555941875,0.6304311854,1.0577197760000001,1.2835821771
OG0003625,0.6021201288,0.532820367,1.3870385381,1.3801119134
OG0003626,0.6362994829999999,0.5895082344,1.2197992820999999,2.4147780028000003
OG0003628,0.32956927189999996,0.2850132484,0.7622566464,0.5461721282
OG0003629,0.12777581389999998,0.7709306467999999,0.7413789669999999,1.0359264178
OG0003633,0.8122683056,1.9803795928999999,2.2728762162,2.6959441496
OG0003634,0.8643537952,0.5611709325,1.4634860421,1.3870131334
OG0003635,0.2224137539,0.1533833539,0.31821673959999996,0.32438395470000003
OG0003636,2.3228796816,0.9559806928,0.7481289752,1.0944170686999999
OG0003637,0.23367162470000002,0.4312656417,0.5445666907,0.4787379224
OG0003638,0.0514483108,0.0221405326,0.08116156869999999,0.05421740530000001
OG0003642,0.0923166094,0.1578034571,0.24427126719999998,0.20498445329999998
OG0003643,0.4493193279,0.6469059559,0.9620039472999999,0.8761045306999999
OG0003644,0.3455609693,0.2606578704,0.7458711592,0.8608320376
OG0003645,0.2427382286,0.19968484730000002,0.7017816166999999,0.6498787649
OG0003646,0.3998059729,0.3963466933,0.9508554453,0.9619049308
OG0003647,0.35264175470000003,0.3199008991,0.7500863494000001,0.7285870113
OG0003648,0.6611023985,0.3404685977,0.9850613728000001,1.1429023401
OG0003649,0.5931545488000001,0.8276995615,1.5224715922,1.4182710439
OG0003650,0.2402594166,0.257522555,0.42149227759999996,0.4700089899
OG0003651,0.5468680752,0.6947429465,1.3028572711000002,1.1240856109
OG0003652,0.5680117198,0.8773091169,1.7763098330000002,1.6756188959
OG0003653,0.48103873490000004,0.7581390148,0.99458323,1.1904779038
OG0003654,0.9528258681,0.8042913869,1.3207308274999998,1.2013617207
OG0003655,0.6862605151,1.039198018,1.0983456146,1.0365792393
OG0003656,0.3164109693,0.41895520280000004,0.7700179559,0.9608930993
OG0003657,0.3306417055,0.7323474237,0.6431814177999999,0.696137774
OG0003658,0.2876560029,0.36240413940000005,0.791120664,1.5747737343
OG0003659,1.5192168363,0.9312866747999999,1.9342263505,2.3551063975
OG0003661,0.4613244103,0.3164850068,0.9976685576000001,1.0988729522
OG0003662,0.6504726297,0.3601738688,1.0424211171,1.1570427517
OG0003664,0.058557442700000004,0.0911976632,0.20110451560000003,0.2027007555
OG0003667,0.6835448686,0.9987461677,1.0833567862,1.4307518732
OG0003670,1.13036015,1.3420985325,1.1117605911000001,1.3301598569000002
OG0003674,0.6743015817,0.7371704934000001,1.26510345,1.5789126052
OG0003675,0.4470697977,0.6607324426,0.7170341129,0.8201025008
OG0003677,1.0692399677,0.6873415907,1.4306540397,1.6359735652
OG0003678,1.4019368044,0.6456163947,4.7250451357,4.8086612713
OG0003680,0.9597862551,0.5290537926000001,1.4194140176,1.1439539185
OG0003682,0.8675152164,0.7562161059,0.8331412438000001,1.3043447111000002
OG0003683,1.1378209614,0.4292016527,1.1547680983,1.1308973069000001
OG0003684,0.501318636,0.5068269183,1.0340567421999998,1.0901366807
OG0003685,0.2028743818,0.14354266999999998,0.4115819451,0.4257939502
OG0003687,0.4999474341,0.5118174988,1.6656075039,1.7172184964
OG0003688,0.33621819799999997,0.6828437189,1.0433707418,0.881027338
OG0003689,0.4760244119,0.7093271681,1.0344183548,1.027647662
OG0003690,0.5522744681,0.6791214049000001,1.0727219741,1.2894859786000001
OG0003691,0.4538957684,0.6318312974,1.2347064134,1.7704556931
OG0003692,1.5897255668999999,0.6682327221,1.3974829705,1.2821382795
OG0003693,0.2306585608,0.3660721066,0.5107383168999999,0.44026681440000004
OG0003694,0.757200486,0.6176619636,1.5344755666999998,1.6497926364
OG0003695,0.9419870486999999,0.6738161447,1.6042505236,1.4101878745
OG0003696,0.4883582513,0.5721715257,0.7892254882,1.0058210092
OG0003697,0.3945362417,0.5890546424,1.1532740972000002,1.3389199048
OG0003698,0.2327253735,0.35995433050000003,0.5704722302,0.43778925560000004
OG0003700,0.5052923126,0.41683526130000004,0.5826105309,0.7024564328
OG0003701,0.3287412805,0.3360486794,0.5560119618,0.7576738269000001
OG0003702,0.3021286879,0.3500844433,0.8786978383,0.9572709534
OG0003703,1.4319751393,1.6932896224,3.7020859902999996,3.3656698709999997
OG0003706,2.6211733451,0.714412551,2.2114143737,1.3982622421
OG0003707,0.5420975519,0.6346739694,1.4379202738,2.1480943284
OG0003708,0.1401697865,0.1014346029,0.2639001826,0.4081309482
OG0003709,0.7727050877,0.9971113408000001,0.8539806589000001,1.3193385898
OG0003710,0.3693738309,0.6772748627,1.1405784964999999,1.1989449207
OG0003711,0.3740819566,0.4617472628,0.5351282004,0.5450764944
OG0003712,0.23424587539999997,0.2733818886,0.4829938789,0.3992813476
OG0003714,0.5529534575,0.6358148449000001,1.5295243431999999,1.2531559929
OG0003716,0.2506225299,0.3182335194,0.8925203196,0.8761972543000001
OG0003718,0.20098260029999998,0.211175241,0.3843317336,0.47976158199999996
OG0003719,0.1326253907,0.1806819886,0.3191939017,0.35341479259999997
OG0003720,0.2889556768,0.049835398,0.30356493370000004,0.48917982179999997
OG0003721,0.4881640426,0.9435095879,0.8393374385999999,0.7187589188
OG0003722,0.3252013828,0.6625641094,0.7131872194,0.579257739
OG0003723,0.2694804406,0.3626877242,0.7005290541,0.6853841114
OG0003724,0.7651628895,0.5842142155,1.4155287099,1.8114356571
OG0003726,0.3401521061,0.3648469875,0.6427535445,0.644981968
OG0003728,0.0835713659,0.0642933831,0.40169566310000004,0.3113778728
OG0003729,0.17362426939999998,0.3657154321,0.5584899620999999,0.45139742799999993
OG0003732,0.216904763,0.2905712129,0.5463491627,0.47510445030000004
OG0003734,1.2769918147000001,0.5781135691,0.7571251903,0.7376277844
OG0003735,0.4441724063,0.6284899116,0.8966304648,0.8180746432999999
OG0003737,0.47318159989999997,0.5192832794,0.5589060843,0.6433985446999999
OG0003738,0.6935500246999999,0.7988627376,2.4248250039,2.6286276771
OG0003740,0.4917082334,0.4156618976,1.8847271538,2.0350526765000003
OG0003743,1.2300850197,1.0441149399,1.5183209329,1.065671743
OG0003747,0.27804033650000004,0.2821590845,0.5878678419000001,0.614421608
OG0003748,0.2673643632,0.3543706994,0.3466744472,0.3703387466
OG0003749,0.7362133826999999,0.7975795667000001,0.9293219638,1.7266229754999998
OG0003750,0.3915522074,0.3398155205,0.8208093963,1.3164711191
OG0003755,1.03589729,1.1485752692,1.0607569992,0.9954463398
OG0003756,1.5304815022999998,1.5536352207,3.0411836175999998,2.9528882095
OG0003757,0.168355391,0.179122484,0.4124251566,0.5154825914
OG0003758,0.3073233521,0.29054784219999996,0.46407867179999995,0.9250069769
OG0003759,0.966417015,0.671473172,0.9561320559,0.9837629783
OG0003760,0.1292867368,0.0984143693,0.2400275449,0.2560534758
OG0003761,0.45963813649999996,0.35847176999999997,2.3034500249,2.2787163114
OG0003762,0.128387564,0.0748532423,0.1646405091,0.1702302737
OG0003763,0.0833381769,0.116121769,0.2241782458,0.33773490959999997
OG0003766,0.560800418,0.7777637171,0.7814224904,0.9128268772999999
OG0003767,0.5648178686,0.6543889448,1.5975196876,1.5842088756
OG0003769,0.7152036512,0.9537041329,1.6195599805,1.9622134086999998
OG0003770,1.2247280853,1.2136624124,1.7146024215,1.7575138065
OG0003771,0.3774349897,0.40842194070000004,0.8405089672,0.8789186603000001
OG0003772,0.0489878313,0.0625887856,0.1296896001,0.1372256291
OG0003773,1.1787468698999999,0.9687648773,2.7340453281,2.7627668945000003
OG0003774,0.2595352304,0.258379589,0.4600580104,0.5454802086999999
OG0003776,0.4130315213,0.5700049168,0.621454219,0.6657196204
OG0003777,1.3773757533,0.8603762887999999,4.3984666083,4.5610031464
OG0003778,0.4580895516,0.6441749555,0.9842798933000001,1.1986935554
OG0003779,0.3220606773,0.35210220729999997,0.5075421799,0.4918385579
OG0003781,0.273262941,0.1564825185,0.3828606612,0.4870024987
OG0003782,0.28347403520000003,0.3943656254,0.7219607775,0.9361198757
OG0003783,1.3372857092000001,0.9411995745,1.6196448007000002,1.6480731564
OG0003788,0.5063330447000001,1.4598126422,1.9297578569,1.1162223410999998
OG0003789,0.08574312270000001,0.1684587398,0.35516700600000006,0.3979678214000001
OG0003790,0.1778818975,0.3319385893,0.4760637569,0.49178721010000004
OG0003792,0.1693797616,0.2359355434,0.2654455794,0.5134413382
OG0003793,0.5996851694,0.6702734136,0.7924742156,1.051065916
OG0003795,0.19901311559999998,0.1775671681,0.37280070730000003,0.36956999339999996
OG0003796,0.4521066711,0.4595539844,0.5422122046,0.448438725
OG0003797,0.4883260105,0.6168381923999999,0.7126694083,0.7695019656
OG0003798,1.3085898516,1.6354058052,2.5756946227,3.0977705437
OG0003799,0.8349130359000001,0.5646125116,1.1238513767999998,1.8878970791
OG0003801,0.1682941838,0.2863557976,0.5737598378,0.5385066866
OG0003802,0.3065878528,0.1529207023,0.3838935228,0.38110785449999995
OG0003803,0.2266050012,0.27290448030000003,0.5391249547,0.5156012777
OG0003804,0.4077709592,0.5380407383,0.973211542,0.9804769881
OG0003805,0.171632265,0.2285744656,0.3900900627,0.6049463603
OG0003806,0.7128397982,0.7340704562,1.360070833,1.3586288587
OG0003807,0.13738684739999998,0.0742255268,0.6178675011,0.9819835504
OG0003810,0.4494869652,0.4130933483,0.7113648551,0.7759048389000001
OG0003812,1.0413439542,0.9825797265,2.5509172155,2.487610404
OG0003815,0.3616624113,0.5619460951999999,0.5926331913,1.0400827908
OG0003816,0.5351806888,0.26659279869999997,0.8511845665,0.7148394197
OG0003817,0.40914375049999996,0.8534125925,1.8913268025,2.3053962757999997
OG0003818,0.5607181018,0.8479315348,0.5681831614999999,0.5478392940000001
OG0003819,0.18143325429999999,0.3585087372,0.5936507739,0.7283570492
OG0003820,0.9369533876,1.2909474439,1.5456181467999999,1.5836694217999998
OG0003821,0.39457701089999997,0.2556970407,0.4147544037,0.5290950439
OG0003823,0.4575156895,0.4392582774,0.8492751077,0.8560815657
OG0003824,0.3222728028,0.5377140948,0.6669102802,0.7944309182
OG0003825,0.4967829836,0.4691203531,0.8079344618,0.8839891571999999
OG0003828,0.14094928499999998,0.0939371801,0.3116996916,0.3424372062
OG0003830,0.8434607944,0.5737560748999999,0.6863732536,0.8367391567
OG0003831,0.6274492765999999,0.46715759079999997,0.6709759122000001,0.8568143781
OG0003832,0.5039874925000001,1.2040291988,0.771426678,1.1640315376
OG0003834,0.3419807831,0.4079385647,0.4500840197,0.43773161929999993
OG0003835,0.5890353888,0.8793876171,1.1185162886,1.0466128941
OG0003836,0.4596466198,0.6152068996,0.8673045718000001,1.2771984185
OG0003837,0.5638906427,0.6952540929,1.39386129,1.1926583297
OG0003838,0.22493285899999999,0.2685408129,0.6461836544999999,0.664328861
OG0003839,0.1083934698,0.0782992421,0.1165087072,0.1761546661
OG0003843,0.5139854383,0.3729123638,1.1377256331,0.9934191349
OG0003844,0.5323295069,0.3015447753,0.5980157057000001,0.6913179791
OG0003845,0.7281000606,0.9041528818,0.9532574467000001,1.524434785
OG0003846,0.7139586602,0.5860966672,1.5225019142999998,1.4470189094
OG0003847,0.36156640370000004,0.2983209201,0.37122606739999997,0.4703572099
OG0003848,0.1701321549,0.1924412439,0.4632108338,0.4438602876
OG0003849,1.5131238271999998,1.552686713,2.3628396910999996,3.2276168062999995
OG0003851,0.1817600674,0.2806377821,0.4808236769,0.46364684189999994
OG0003852,0.576933363,0.9432316243000001,1.5722824155,1.7062235621
OG0003853,0.5291205927,0.9853794191,1.3202790534,1.4122762455
OG0003854,1.0221522537999999,1.0035954843,1.2512918636,1.8743888525
OG0003855,1.5605945005,0.7729611632,0.9574083734000001,1.4572192522000003
OG0003856,0.2468221751,0.4093020465,0.7111969774,0.8612108293
OG0003857,0.2591416455,0.3939723193,0.6451194409000001,0.717740562
OG0003858,0.2113523515,0.327561195,0.5068277971,0.5365756932
OG0003860,1.4537180455,2.9482071614,2.6703592464,2.692958258
OG0003861,1.1144096789,1.2644463964,2.0178012319,1.7283350457000002
OG0003863,1.1411188199,0.8612384764000001,1.4928903238,1.3787847446
OG0003864,0.0052761801,0.048699536700000004,0.0217647129,0.0079237726
OG0003865,0.9948483671999999,0.51647496,1.1339902373,1.2889135561999998
OG0003866,0.052658748500000005,0.060697157700000004,0.18613156469999997,0.2218014571
OG0003867,0.6979320393999999,0.7525948024,1.0455888606,0.6708178271
OG0003868,0.2129049538,0.3618679208,0.5028406274,0.6297058307000001
OG0003869,0.5514795945,1.2853073907,1.8801310252999999,2.9944292892
OG0003870,0.6432603099,0.7615639597999999,1.8369342871,1.7023224373999999
OG0003871,3.3369647148,1.6319852907999999,2.8798305481999997,2.934100292
OG0003872,0.4699803896,0.9189601958,0.961409352,1.296456246
OG0003874,0.15095595639999998,0.1236417595,0.2010465992,0.1919240465
OG0003875,0.1168890226,0.1833157387,0.25394324690000003,0.23848852250000002
OG0003876,0.408862551,0.564156221,1.4450536541999999,1.4242404559
OG0003877,0.4375373581,0.5715451119,0.6691457142,0.7419337782000001
OG0003879,0.6730349434,1.0793351087,1.1364810016,1.1548585925000001
OG0003880,0.2019492643,0.22420170239999998,0.5308487875,0.6024230908
OG0003881,0.7976683102,0.8994794199,1.0181726991,0.9393012507
OG0003882,0.4305888406,0.4436957705,0.6605352212,0.8348861389
OG0003883,0.8221225991000001,0.6432065696,1.2752148102,1.3185496054999999
OG0003884,0.4086351621,0.7473786394,0.9047309517,0.8122231457
OG0003886,1.5366223177999998,0.7243200734999999,1.5201496566000001,1.5620949275
OG0003888,0.3848251553,0.5487923056,0.8651526479,0.8654724634
OG0003891,0.1348772762,0.348734134,0.9750059853,1.0384701669
OG0003892,0.433738734,0.4177203052,0.7404705569000001,0.9108079988
OG0003896,0.5276674142,0.4415316182,1.0143339932,0.8529959385
OG0003897,0.3595890103,0.4553876499,0.8118115463,0.8104743956
OG0003898,0.20081236260000002,0.4645245658,0.5129953231,0.6280039505999999
OG0003899,0.8366373774,0.67164243,1.4875679753000002,1.4851836944999999
OG0003901,0.2725191787,0.2210548402,0.5020002431999999,0.4052507096
OG0003902,0.6386982629,1.3348651399,1.5719485353,1.7450438085000002
OG0003904,0.4302321332,0.3816113158,0.5869450138,0.6330642442000001
OG0003905,0.5030026421,0.5389988589,0.8369426611999999,0.9249108128
OG0003906,0.6225028123,1.2973904618,1.0828043624,1.2283552285
OG0003907,1.7181064245000002,0.4970131148,1.1325511551999998,0.9296618996
OG0003908,0.1454026637,0.25131982070000003,0.5961463826,0.575720715
OG0003909,0.41057290300000004,0.6080438816,0.7997213011,1.0916613096
OG0003911,0.8283637182,1.2022918145000001,0.8632845382000001,1.2151504624
OG0003914,0.6146262836,0.5576321623,1.5986396759,1.7847587797
OG0003915,0.1221465043,0.259666824,0.5205696559,0.454497021
OG0003917,0.4754163529,0.5921537034,0.8162081224,0.8514201565999999
OG0003918,0.5636620364,0.42346745939999997,1.1435743140999999,1.0372357376
OG0003919,0.2185559725,0.2256974027,0.43093826049999995,0.622370884
OG0003920,0.052115174599999994,0.0861061199,0.15233947479999999,0.1281364672
OG0003923,0.0424763939,0.060079653,0.1549237384,0.1380958186
OG0003925,0.4073982097,0.7026198769,1.1170087148999999,1.0820490178
OG0003926,0.257980858,0.1148968667,0.3022382754,0.35741963219999995
OG0003927,0.7977810795,0.32295876349999997,0.9967360451,1.1074361980999998
OG0003928,0.6833073682999999,0.8394593477,0.9378872995,0.9907766399
OG0003929,0.2628950594,0.5169170626999999,0.8362740687000001,0.9709636966000001
OG0003930,0.5948777164000001,0.5807859555999999,1.3586597653,1.1738840378
OG0003931,0.5669528491,1.0867781822,1.0315502806,1.4526040680999999
OG0003932,0.4007921917,0.5794074303000001,1.0565705394,0.8364521348
OG0003934,0.3089747486,0.42257952509999996,0.800859505,0.7482356431
OG0003935,0.2140101782,0.43929488390000004,0.5846282978999999,0.4722910642
OG0003937,0.1456562339,0.0661924102,0.1008370498,0.16318524010000002
OG0003938,0.41574658529999997,0.4187743774,0.9914842912999999,1.1650722503
OG0003940,0.2411070017,0.43116296870000004,0.4323518633,0.37974907410000003
OG0003941,0.0905803367,0.09876307770000001,0.3472030329,0.34021229480000004
OG0003942,0.42785806169999996,0.8315395942,1.7493131024,1.5511236709
OG0003944,0.4468008616,0.5891379927,0.5320629879000001,0.6117162608
OG0003945,0.2096130017,0.1551692629,0.3501267694,0.38707695649999996
OG0003948,0.0618477245,0.020014079900000002,0.1160465894,0.1336835489
OG0003950,0.3169470134,0.3757094476,0.7616253900000001,0.9214064599
OG0003951,0.199392829,0.1882406249,0.3091528616,0.45317459299999996
OG0003953,0.8646887194,1.220607518,1.6697696983,1.7821272332000002
OG0003954,0.58154664,0.31877036989999996,0.4138794036,0.4919512585
OG0003955,0.44227544690000004,0.5487274053,0.916462287,0.6559330359
OG0003956,0.3206040945,0.2634213903,0.43218246650000003,0.4511113872
OG0003957,0.5043537376,0.4879545289,1.0568961996,1.1891717714999999
OG0003958,0.37476169709999996,0.9352790522000001,1.2458006308,1.2197040188
OG0003959,1.0382575627000001,1.021887966,1.4109670158,1.6798383084
OG0003961,0.31335537989999995,0.2756408755,0.6543334999999999,0.5412242485
OG0003962,0.2703940843,0.7743572313,0.7970313374,0.886289541
OG0003965,1.7998518656,2.4595399253,2.3130153504999997,2.8447735855999996
OG0003967,0.2897623896,0.3437713524,0.7140709622,0.6735023887
OG0003968,0.5996545982,0.7281214852,0.768580934,0.5370504551999999
OG0003969,0.38348500550000003,0.42007642219999997,0.6682485256999999,0.5737747706
OG0003971,0.5358391428,0.7184868158,1.2571994423,1.9949102832999999
OG0003972,0.4098537235,0.3266424881,0.6693394062,0.8800766896000001
OG0003973,0.5382844306,0.5469314034999999,1.2947426778,1.3399885462999999
OG0003974,0.6213861924999999,0.5977306535,1.1953596574,1.2943880228
OG0003975,0.8726474404,1.1015749237999999,1.3750789872,1.2662297236
OG0003976,0.2953094833,0.226385859,0.542170967,0.5773268743
OG0003978,0.4041500815,0.3682677465,1.2077475628,1.0711015987999999
OG0003979,1.2336343913999999,0.8916188879,0.6183256087,0.5135603275
OG0003980,0.0862999964,0.1008022318,0.3042996565,0.24999742870000002
OG0003983,0.2473204993,0.1924846874,0.6170554569,0.6355281178000001
OG0003985,0.2506104382,0.3586829187,0.6653845992,0.5677137834
OG0003987,0.49261056859999997,0.542275229,0.8782350768,1.2027974826999999
OG0003988,1.6493290266,1.387218334,2.1073897606000003,1.7361038755
OG0003989,0.38176702500000004,0.4281688338,0.8325830131,1.0438203396999999
OG0003990,0.5875936229000001,0.8953251518,0.8663304152,0.841788543
OG0003991,0.1296637538,0.105766111,0.3416469321,0.4403441923
OG0003994,0.20703473420000001,0.1890248631,0.6019995873,0.5582298499
OG0003996,0.3295673898,0.320004132,0.6903578553,0.7158920748000001
OG0003997,0.6500770491000001,1.1525307703,0.8087220818,1.087124153
OG0003999,0.4712892382,0.6685097342999999,1.2683284916,1.3197577029
OG0004001,2.9105490555999998,1.0261782174,2.2335521984,2.1928170118
OG0004002,1.3619376201,1.83103979,3.3786248315,3.7065812781
OG0004003,0.3506164542,0.2598743792,0.5329824509000001,0.6583643679
OG0004005,0.1990688816,0.1141164077,0.4919855676,0.46382639080000004
OG0004006,0.22014362310000002,0.1795910855,0.2990442031,0.3365062761
OG0004007,0.5169010544,0.3462285498,1.0305595666,1.0740664964
OG0004008,0.9008852731,1.5367131975000001,1.5217683826,1.4288101566
OG0004009,0.4173030203,0.3002010564,1.0320862589,1.0938276726
OG0004010,0.3020129875,0.3260459181,0.7827383210000001,0.7357565977
OG0004012,0.8883048532,0.9845649741,1.7048970562999999,2.1796073090999997
OG0004013,0.8246622134,0.26153264060000003,0.4778753498,0.6990710349
OG0004018,0.5490708612,0.5623537658,0.7453973415999999,0.8222364201
OG0004019,0.25193653250000003,0.26354432299999997,0.8220740497,0.7357878592
OG0004020,1.044471337,0.7795352813,1.5610015953,2.0223434133
OG0004021,0.2531325322,0.40512058819999996,0.8255289871,0.7739445371
OG0004023,0.23052563259999997,0.4618948547,0.5702031437999999,0.4839657273
OG0004024,0.3537930625,0.489261386,0.5219849771,0.7814767471999999
OG0004026,0.2410134778,0.1989050671,0.5978943809,0.538058921
OG0004027,0.7157583329999999,0.44296268580000003,1.5643613265000003,1.5026431372000002
OG0004029,0.3472800387,0.3723933148,0.4654220313,0.4951325336
OG0004030,0.14239364059999998,0.2165633292,0.551158229,0.5663076237
OG0004032,0.17284294919999998,0.1391891803,0.4088624346,0.52767616
OG0004035,0.3841825875,0.3917760118,0.6331938816,0.7427725547999999
OG0004037,0.5353689955000001,0.4605803153,0.7963272279,0.9071036183000001
OG0004038,0.8841246103,0.7416763560999999,1.0139110376,1.1826959746
OG0004040,0.2373119977,0.3514253909,0.7362721099,0.7471329806
OG0004041,2.1030252446,0.45829019049999997,1.1104734131999998,1.2907038906
OG0004043,0.4297030401,0.9085768,1.1412349783,0.7855260634
OG0004044,0.20626689850000002,0.2902261869,0.4628129312,0.5238229907
OG0004045,0.321007463,0.2441868411,0.5109251323999999,0.6381292239
OG0004046,0.10420353260000001,0.1412141556,0.2608031302,0.3247876191
OG0004047,0.2565460297,0.38564699599999996,0.524948608,0.6413594864000001
OG0004048,0.2281110515,0.4912158642,0.7295083947000001,0.7337444484
OG0004049,0.0910714827,0.0313098787,0.13639635349999998,0.15945242399999998
OG0004050,0.7527232542,0.6607411745,1.4650184692,1.5563596893999998
OG0004052,0.3310588325,0.5026216764,0.9274409897,0.6946713246999999
OG0004053,1.1477146598,5.6408863821,3.1806776441,3.0653592650000006
OG0004054,0.227112052,0.2987233468,0.4856182158,0.8543778626
OG0004055,0.7560962779,0.48585896929999994,0.9735245382,1.0060237628
OG0004056,0.3719412541,0.29314876310000004,0.58688915,0.5444982075
OG0004058,0.4682650412,0.43685049049999997,1.2599445293,1.1808176456
OG0004060,0.31314440600000004,0.5561332123,0.6656510716999999,0.8976109288999999
OG0004062,0.36625610750000004,0.6456380636000001,1.1762668775,1.0071830926
OG0004063,0.7167480716,0.9840424927,1.4430830235999998,2.2537064641
OG0004068,0.3533415515,0.2625620401,0.468305635,0.5811977177000001
OG0004070,0.8832748247,0.44720157239999997,0.9924125495,0.9488202516
OG0004072,0.23883658470000002,0.23390554330000002,0.34535506000000005,0.3352462063
OG0004075,0.3787291135,0.5698097654000001,0.6672098952,1.1160117955
OG0004076,0.1982484835,0.24804011260000003,0.6145048899,0.505701228
OG0004078,0.14491119660000001,0.11489720519999999,0.4825251148,0.3929183279
OG0004079,0.9532020917999999,0.9048899712,0.616071591,1.0656507252
OG0004080,0.2565424355,0.47931066510000003,0.7241339886,0.9002208866
OG0004081,0.7376031551,0.8613749489,0.8935293930000001,0.9672280517
OG0004082,0.2740329321,0.3434682066,0.5280982898000001,0.6070590132
OG0004083,0.0460231895,0.051818635099999996,0.0739409387,0.1214214269
OG0004084,0.3351641678,0.3007341448,0.2918208047,0.3440728393
OG0004085,3.8041366288,1.5978145703000002,1.6187153152,1.2767826793000001
OG0004086,0.3016144586,0.7967136196,0.7416877749999999,0.8783193999
OG0004087,0.3947704895,0.2900906184,1.2082942465,1.1609726682
OG0004088,0.18922997630000002,0.2942349312,0.5621430655,0.5386466747
OG0004089,0.3029661671,0.26520119259999997,0.4121211087,0.38221136200000005
OG0004090,0.2787682016,0.5365258949,0.9589828437,1.0800633927
OG0004093,0.6197274451,0.35910134920000003,1.0323361239,1.0491233149
OG0004094,1.0451724171,1.0954043193,2.0706328056,2.0835425529
OG0004095,1.6861320945,1.0535132146000001,1.2326062743,1.1960240553
OG0004097,0.1930563214,0.2644502869,0.6599464918,0.6917727985
OG0004098,0.9220465783999999,0.9635129792,1.6403698063999999,1.9632768509999998
OG0004100,0.5338425262,0.4425951529,0.9138382902,0.9366510486999999
OG0004102,0.7247602341,0.4735936679,2.8400307901,3.6153804079
OG0004106,2e-06,0.0247967924,0.024018831000000004,0.1407322226
OG0004108,0.1906139799,0.2954000521,0.6079772494,0.6379860369
OG0004109,0.28640791109999997,0.2628060493,0.4660567998,0.5022747151
OG0004111,0.6896894116000001,0.5030403155000001,0.7693876431,0.8463464347
OG0004112,0.07620958089999999,0.0919208888,0.18619587199999998,0.1802244155
OG0004113,0.14816879370000002,0.1686821833,0.5172385173,0.5018814797
OG0004114,0.27553110859999996,0.3455270101,0.5844419558,0.612175656
OG0004115,0.47828748460000003,0.20884249259999998,0.3488677605,0.49296355929999996
OG0004116,0.2765913833,0.4052054298,0.9863273015,1.1283565658999999
OG0004117,0.4026617501,0.3848193559,0.9566637827,0.9922391384
OG0004118,0.9398956168,1.2079840637,2.9322624995,3.7518690531
OG0004120,0.1740330971,0.5930906276,0.6113024628,0.4932267609
OG0004121,0.4544929434,0.6374111277000001,1.0255861613000001,1.0424584222
OG0004123,0.20473922560000002,0.1355774635,0.288807221,0.32477255650000003
OG0004124,0.7146478839,0.4007444321,1.1708813423,1.2096235116
OG0004125,0.5520674308,0.45022566789999996,0.9439105864,1.1559530704
OG0004126,0.6452850138999999,0.7983957198,1.0984730088,0.9019576758
OG0004127,0.6181289076,0.41088178249999996,1.1345901433,1.0564782241000001
OG0004128,0.6387893899,0.8485439799000001,1.9287382282999999,2.2618917163
OG0004132,0.44342568670000004,0.3546833588,0.783703802,0.9032501232
OG0004134,0.4303854172,0.41137639940000004,0.5845902387,0.6667515225
OG0004136,0.3146504133,0.3321718973,0.7122159441,0.7595218112
OG0004137,0.6418183752,0.6559196701000001,2.5179489923,2.2165093827
OG0004138,2e-06,0.0,0.048558077000000005,0.0294738323
OG0004140,0.6105322117,0.8562717457,1.6505613993,1.7926589642
OG0004141,0.5588161142,0.46910336360000005,0.6278623143,0.6563030013
OG0004143,0.44913151650000005,0.5166800919000001,0.7291669486,0.9733655065
OG0004144,0.7376505691999999,0.8595886573,1.1597863256999998,1.3961661148
OG0004146,0.4672142223,0.8356215404999999,1.046277197,1.5037241158999999
OG0004147,0.9392610307,1.2270097976,2.4508584612,2.3866435431
OG0004149,0.2624093635,0.34848698479999995,0.9332374990000001,1.3955079866
OG0004150,2e-06,0.036714428,0.0,0.0068691333
OG0004151,0.3309235981,0.33111810630000005,1.0343206174,1.1188440849
OG0004152,0.1010158223,0.09158465669999999,0.2680195162,0.8515127792999999
OG0004154,0.1194772724,0.2709068834,0.7983223112,0.9191899767
OG0004155,0.27599005629999995,0.3185299278,0.7452926913,0.7529749948
OG0004158,0.8641414805000001,0.5986260670000001,0.8651155593,1.0939622752
OG0004159,0.6955431156,0.5201157523,1.2157981138,1.0277653598
OG0004162,0.38655098190000003,0.42984797240000006,0.6305188251,0.6484732873
OG0004163,0.2920347452,0.3781152992,0.472803454,0.5128669725999999
OG0004165,0.36368985379999996,0.5805688997,1.1311643599,2.2581910390999997
OG0004166,0.6532048052,0.6273034155,0.7000577885,0.8213345209
OG0004168,1.2364977872,0.9885817764,2.2142614089999997,2.1270436363
OG0004170,0.3576323283,0.1797046546,0.46052627729999995,0.5805734268
OG0004173,0.5406042168,0.2810813949,0.5305231294,0.5998602416000001
OG0004175,0.8204703138,1.2635257708,0.8080834811000001,0.9616627333000001
OG0004176,1.6306322931000001,0.8206593472,1.3619089809,1.1927511971000002
OG0004177,0.4013609643,0.7483006941,1.2247973183999998,1.2970211896
OG0004178,0.6374276738,0.4725746116,0.9274074418,0.9010506557000001
OG0004179,0.460486113,0.6139323604,1.7037485794,1.6140057304
OG0004180,0.4352803182,0.5757807338,1.1636769876000002,1.249767851
OG0004181,0.5682691671,0.6418833046,1.2178911593000001,1.2023761614000001
OG0004182,0.1210154648,0.0740132801,0.1786619898,0.16099360029999998
OG0004183,0.47024197310000004,0.4569053629,0.5881211916,0.6929969963
OG0004185,0.3853647924,0.2828680787,0.7302008375,0.7516610159
OG0004187,0.3855553047,0.5631165655,1.1637625126,1.2583079545
OG0004188,0.5677486004000001,0.5722997278999999,1.0899704355000002,1.2108793665
OG0004189,0.5034122778,0.3874049176,0.8683233372999999,1.0173237551
OG0004191,0.0708945792,0.1886388919,0.3862373266,0.3174322583
OG0004192,0.609681108,0.7956981856,1.4289854654,1.2559576022
OG0004193,0.4246830504,0.7442623542,0.9124785317999999,1.0367236091
OG0004194,0.5339913161000001,0.3785373835,0.8739640467,0.8416532955
OG0004195,0.5180197221,0.6058272109,1.1304074265000001,1.3059876237
OG0004196,0.20173269240000002,0.3055698029,0.3916101265,0.5076070892
OG0004197,0.41822466,0.34445796689999997,0.6537399072,0.7459872885000001
OG0004200,0.1420044174,0.1461575315,0.2633055166,0.30877613179999996
OG0004202,0.7904508909,0.6118145318,2.4230347236,3.0267981113999998
OG0004203,1.3322044153,0.822883333,2.4015903337999998,2.4858435547999997
OG0004204,0.18979173970000002,0.2145456952,0.42374906599999995,0.3853648708
OG0004205,0.8145263593000001,1.3083680958000001,1.8811116132,1.7778066326
OG0004206,1.0352815298,1.1157235713,1.9355234014999998,2.5196940963
OG0004207,0.5506186177,0.5719901023,1.1064319634,1.5668494284999999
OG0004209,1.1424656077000002,1.3302125832,2.4887648328,2.6179968237
OG0004211,0.1691336149,0.1320761144,0.5565144381,0.6544914783
OG0004212,0.3815126434,0.2661414741,0.5241888416,0.5959472814
OG0004213,0.5691106016,0.7457783351,0.6603474057000001,0.8812158698999999
OG0004214,0.2921419339,0.3040560603,0.713808541,0.7577681694
OG0004215,0.6577251841,0.36018881160000005,0.5025054207,0.5948606972
OG0004217,0.43299389740000005,0.22681937019999998,0.4393249751,0.5565300233
OG0004219,1.459645554,1.2792573335,1.4138550013,1.8298271504
OG0004220,1.5525139939,1.3957651108,2.4392828625,3.3280858177
OG0004221,0.7700895123,1.1047529564,1.4767204829,1.4409228992
OG0004222,0.2466697116,0.1751851602,0.23967058060000002,0.21987628210000001
OG0004223,0.31884627050000003,0.2907880043,0.5491076902,0.5679746539
OG0004224,0.1214437764,0.1056951452,0.2951641248,0.3146340595
OG0004226,0.10687953950000001,0.253546465,0.3523653023,0.3424557466
OG0004231,0.946203489,1.3156896705,2.5175660451,2.1617264279
OG0004232,0.4106583934,0.6090146202,1.2556531930000001,1.2333634611
OG0004233,0.2952221959,0.43906393369999996,0.590104857,0.6682691395
OG0004234,0.3051706607,0.3081818733,0.579602862,0.750168703
OG0004235,0.5856600993000001,0.8382124374,1.0814756854,1.2107723318
OG0004236,0.4304633443,0.5066668719,0.5991506048,0.7504710342
OG0004238,0.0892149251,0.1277224399,0.1412719657,0.1570627706
OG0004239,0.5744923224,0.7636162332,0.9958937824,0.9695309767
OG0004240,0.6057427451999999,0.4947844695,1.0460976246,1.0159638886
OG0004243,0.417961723,0.4505442564,0.8735343456,0.6619663043
OG0004244,0.4119048042,0.7627712765,0.7229964627,0.7218394537999999
OG0004245,0.3535209477,0.3894594861,0.6081116302,0.6678394914
OG0004246,0.2658214,0.42742278759999996,0.8172128995,0.6297801658
OG0004247,0.48829023380000003,0.4063077494,0.8596857709000001,1.1103929674000002
OG0004248,0.5490699709,0.4269695077,1.3442051736,1.4032947215
OG0004249,0.4942378189,0.3228702439,0.6611808569000001,0.6403585013
OG0004250,1.0992518564,1.2032880318,1.7973113759000001,2.3283723412999997
OG0004251,0.2438487674,0.2937603654,0.3148270026,0.239120353
OG0004252,0.2361331142,0.21902201920000003,0.37678991959999997,0.3469586688
OG0004253,0.6446005377,0.9374046493,1.3816745205999998,1.159791538
OG0004254,0.16453786339999998,0.23200871039999998,0.4680190838,0.27817092
OG0004255,0.628715168,0.5579879991,0.9910197444,1.0209047041
OG0004256,0.26534320089999996,0.2935852129,0.6777846263,0.596492309
OG0004257,0.14171387359999998,0.1264691621,0.247956766,0.2879935011
OG0004258,0.4364239642,0.1866255739,0.5993312615,0.5793813510000001
OG0004259,1.0005972027999999,0.6342084725,2.3547065841,2.2622342995
OG0004260,0.5942113895,0.4384186599,1.5545161448,1.5687250813
OG0004261,0.365796824,0.5595785239,1.3537845446999999,1.4503770249999999
OG0004262,0.3090741816,0.5122219453,1.2301282655,1.1865411362
OG0004264,0.4144308018,0.4521693032,0.9707609945,0.8873527826000001
OG0004266,0.6106733597,0.8970787452,1.2802374786,1.1213346598
OG0004267,0.5506308793,0.6557335938,1.6146956641,1.7871731065
OG0004268,0.8698541248,0.8768627052,1.3466453645,1.3734098664
OG0004270,0.4032571704,0.49964730039999994,0.6809473796000001,0.7098394611000001
OG0004272,0.3459494552,0.5160456712,0.7351898521,0.9968525201
OG0004273,0.4331092564,0.432700997,0.7286272045,0.7069167003
OG0004274,1.130531844,0.7047174245000001,1.7519394216,2.2862884617
OG0004275,1.0079919072,0.4325301008,1.2716781529,1.4841384351000002
OG0004276,1.3931852215,2.7403530605,2.9524852954,5.188015114700001
OG0004277,0.2515872409,0.514095896,0.6264218212,0.7121389883
OG0004278,0.2476241932,0.1604004423,0.3943096518,0.40525258399999997
OG0004279,0.5415433587,0.4006305932,0.8668285764,0.9283829119
OG0004280,0.5934908364,0.7538215744,0.8268448316000001,0.9165990324
OG0004282,0.47385139239999996,0.6009177036,0.8622002549999999,0.8953065546999999
OG0004283,0.895818902,1.017415647,2.2189376787,3.3225249228
OG0004284,0.3636170003,0.44242562129999996,0.6462988486,0.6006215431
OG0004287,0.588160274,0.7157547302,1.0528777744,0.9911755892
OG0004288,0.5057161514,0.9131148062000001,1.2135615362999999,1.3953508775999999
OG0004290,0.7069347976,0.5496767834,0.6604460222,0.354168645
OG0004291,0.50060343,0.3570768287,0.7144728292,0.5232576583999999
OG0004292,0.6665718422,0.592141503,1.2644623036,0.8700435555999999
OG0004293,0.2826016509,0.3066185697,0.9829066166,0.9403099509999999
OG0004295,0.2473883335,0.2222243961,0.4568611505,0.4998001948
OG0004296,0.5925551015999999,0.5437490478,0.8199887623,0.8139355451
OG0004297,0.42685724280000004,0.5294977858000001,0.7035952354999999,1.1725596899
OG0004299,0.4379457988,0.5277617486,1.3912586855,1.2527653127
OG0004301,1.0972266232,1.7524797918000001,0.8188826089999999,0.924785083
OG0004303,0.2891604871,0.3848656974,0.5118526843,0.6662886610000001
OG0004304,0.1594868163,0.20965183660000003,0.30249560249999996,0.4061168384
OG0004305,0.5256717686,0.4502721311,0.9519017397,1.0278663912
OG0004307,0.3821319052,0.39541830460000005,0.8652654858000001,0.8830713501
OG0004308,0.1978879241,0.2560326774,0.3849895036,0.2375877041
OG0004309,0.3575403414,0.3093726804,1.0019541873,0.9120057309
OG0004310,0.2392038539,0.18591104619999999,0.3220149944,0.3965750172
OG0004311,0.18885053699999998,0.130829501,0.30767150390000003,0.6341441320000001
OG0004312,0.6757490948,1.0131888449000002,1.100736452,1.4671993254
OG0004313,0.7258286881,0.7846352804,1.0040386309,1.2894792035
OG0004315,0.3732533829,0.42281545740000004,0.6649885280000001,0.6110017168
OG0004317,0.3345830623,0.5073464866,0.8183820667,0.5435357446
OG0004318,1.5678458022,1.7509154506,2.0166758306,1.8190164564
OG0004319,0.6779825593,0.6336114235,1.0688366198,1.2259896016
OG0004320,1.3918271062,1.014315147,1.3020496839,1.6084863846
OG0004321,0.2123620793,0.20748262350000002,0.5800624174,0.6047904087
OG0004322,0.4221039236,0.6097851861,0.8061258313,1.2030628257
OG0004325,0.7046316118,0.5981865887,0.8446577397,1.1575641883999999
OG0004326,0.5286594441,1.1438037977,1.1043701567,1.2160555495
OG0004329,0.1993216687,0.154258393,0.44400216509999996,0.3941271894999999
OG0004330,0.2133644327,0.1819292102,0.45440100689999996,0.48041953400000004
OG0004331,0.2661731674,0.3190788657,0.9636290141999999,1.1072093697
OG0004333,0.8545604437000001,1.3937747835,1.1896357229,1.9391075173
OG0004334,0.7566702649,0.7154511526,1.0280839687,1.2617184021
OG0004336,0.16120823099999998,0.22914364790000002,0.4525127994,0.5673985948
OG0004337,0.6510024682,0.6744712413,0.9443103464,1.3288675006
OG0004338,1.8047426511,1.0337229535,1.9087010673,2.1138214932
OG0004339,0.3090114678,0.5723210891,0.7090834245,0.7408061699
OG0004340,0.5975927533000001,0.8440923536,0.9847629366999999,1.2777195114
OG0004341,0.15196889130000002,0.1541210344,0.3405518327,0.4133211246
OG0004343,0.7477169796,0.6814283441,3.7083415107,3.4534373445999997
OG0004346,0.1242205398,0.24937753140000002,0.5590057895,0.4872238016
OG0004347,1.5996153977,1.8020299790999998,2.6403727055,2.9101442596
OG0004348,0.3015556263,0.19224586,0.32260122560000004,0.3614988612
OG0004350,0.5672555874,0.9242188588,1.6523269722,1.3093727745
OG0004351,0.1715314637,0.183201167,0.3192662355,0.3762356351
OG0004354,0.7853942405000001,0.5953713233,1.2174402316,1.4416608126
OG0004356,0.6464984496,0.4776048711,1.1134114734,1.0903817348
OG0004359,0.30976619780000003,1.0074486361,0.5715826211,0.5214301419
OG0004360,0.6332750721,0.6242211365,1.1029904108,1.6521544567
OG0004361,0.31945972489999996,0.5399432292999999,0.8676440753,0.8808181224
OG0004363,0.43193013999999996,0.3196480182,0.8862764676,0.8741022104
OG0004366,0.2484296004,0.18999753149999998,0.45845956330000004,1.0100875345
OG0004368,0.31899445940000004,0.3270265674,0.7053847324,0.8076553644
OG0004369,0.6137675314,0.7499837563,0.8997637542,1.3130198134
OG0004370,0.2756420031,0.5663004242,0.6079559949,0.6464178843
OG0004371,0.5602726262,0.7175930631,1.7102246521,1.7384337545000002
OG0004373,0.23454036830000002,0.30160533840000003,0.4680862035,0.5018681439
OG0004374,0.1823329544,0.7222515012999999,0.7032734655,0.6829605358999999
OG0004376,2.1162582403,1.8864198338,2.3907488683,2.1462201200999997
OG0004379,0.4819694257,0.44859060289999997,0.7937151077,0.6578275059
OG0004380,0.4896693535,0.2224885489,0.4047312809,0.424232445
OG0004382,0.30765214500000004,0.324833204,0.7232502987,0.7532459829
OG0004383,1.5231093562,1.9627345759,1.8449922130000003,1.5342605023
OG0004385,0.1645555443,0.11466460740000001,0.2675164433,0.2598277295
OG0004386,0.5174118750000001,0.6230210856,0.9927239937999999,0.88530259
OG0004387,0.5524113663,0.5906740831,1.0587033318999999,1.0650017359000001
OG0004389,0.2634654141,0.2603144366,0.6213023242,0.5746956507000001
OG0004390,0.5703134773,0.7394453257,0.8581426486,1.0336144861999998
OG0004392,0.2203277307,0.14861058030000002,0.43504037669999995,0.4530712186
OG0004393,0.5919135812,0.5841425396,0.954853959,1.1157953608
OG0004394,0.39776781829999996,0.5303567107,0.7273310507999999,0.7221465740999999
OG0004395,0.362436815,0.4898131758,1.0946524118999998,0.995854075
OG0004396,0.5569566016,0.5942735614,1.3826601121,1.4430194946
OG0004397,1.0682621739,2.1109304236,1.7405976848,1.5684160092
OG0004398,0.5049001412,1.0365883848,1.4455646061,1.6851632559
OG0004399,2.0002735732,1.8360035963999999,5.7063405734999995,2.2416583763
OG0004402,0.7198724417,0.484518067,0.7497548528,1.399826108
OG0004403,0.2671795914,0.2888169929,0.5570025281,0.5529198425
OG0004404,0.7881855825999999,0.41325495840000004,2.070157585,1.3556151811000001
OG0004406,0.6393406959,0.4954459751,0.8178404891,0.9100130031
OG0004408,1.1274656117,1.0367831592,1.3315263582,1.7716126663
OG0004410,0.4284542651,0.3520453011,0.5708980854,0.6052788527999999
OG0004411,1.012288597,1.3634271500000001,2.2806125433,2.9997126377
OG0004412,0.3863176123,0.37573403019999996,0.9805865451,0.9621167835
OG0004413,0.6634266094,0.5746000749,1.1856278291,1.1176974085
OG0004414,0.4037899869,0.35166610649999996,0.736245188,0.7249549199
OG0004416,0.3083828857,0.29408721800000004,0.6554497117,0.6440799879
OG0004417,0.6961699595999999,0.7839913468,4.0927140906,4.0096623063
OG0004419,1.0015415364,0.2792479015,0.5993293559999999,0.530065518
OG0004421,0.2300341112,0.19113519,0.5104050198000001,0.5502878633
OG0004423,0.13556406,0.11144822060000001,0.2927546122,0.398325999
OG0004424,0.8115829353999999,0.4518051129,1.1124929327,1.3242335376
OG0004425,0.11411539700000001,0.1878846857,0.1809933419,0.2397242321
OG0004426,3.0415340508,0.8372326344000001,4.1856652568,4.1917162184
OG0004428,0.4037193974,0.44563030839999995,0.8812246130000001,0.7479509472
OG0004429,0.6557170832,1.097208555,1.3411329818,1.520798208
OG0004430,0.8777111078,0.7847362926,0.8639741343999999,0.9084796121999998
OG0004431,0.24882612540000001,0.28200923310000003,0.748861327,0.857864267
OG0004433,0.0495594049,0.1090728902,0.1340379572,0.1124079977
OG0004434,0.3384616016,0.5383978681,0.7782163947,0.8435680715
OG0004436,0.3971854,0.6354170114,1.1801434507000002,1.1323818751
OG0004437,0.4542264612,0.48250474870000004,0.9106439314000001,0.8876467108000001
OG0004438,0.2274192849,0.2240286421,0.5132546677,0.7107803354
OG0004439,0.1404476508,0.1049705911,0.3778787243,0.5157940029
OG0004440,0.5502880553,1.0396130256,1.4137016701,1.8769153156000002
OG0004443,0.0334080982,0.0287093753,0.0809830363,0.0894395768
OG0004444,0.7157017802000001,0.5721308656999999,0.8391376605,1.1728844492
OG0004446,0.43664546530000004,0.37460664450000003,1.0895646614999999,1.1299650133999999
OG0004447,0.24303845229999999,0.28072671169999996,0.5072761225,0.5645057459
OG0004448,0.3751933469,0.37192437749999996,0.7067767792999999,0.7659089965999999
OG0004453,0.6948277036999999,0.5782899041,1.3192281751,1.2955415184999999
OG0004459,0.12177494380000001,0.213422176,0.2440666281,0.31599925529999995
OG0004462,0.6848620917,0.5329368182,1.0311394036,1.13269823
OG0004464,2.0970648943,1.2932678217,2.2603780327000003,2.2592485029000002
OG0004465,0.33962806970000003,0.23196298229999998,0.5265459650000001,0.5492948843000001
OG0004466,0.6196272110000001,1.1105022726,3.4054767369,3.1883016012
OG0004467,0.1986121038,0.1724518834,0.5021772645,0.5433427359
OG0004468,1.0097008574,1.0165299756,1.5351414167000001,1.3460306417
OG0004469,0.9540962555000001,0.9332193523000001,0.9157222086000001,1.5006330590999999
OG0004470,0.6628913604,0.9681665765,0.8198372322999999,0.8529112866
OG0004471,0.6363004973,0.6501099098,0.969519016,0.9393567673000001
OG0004474,0.3951499725,1.2524212499,0.6070046997,1.1962843565999999
OG0004476,0.7943817747999999,0.7088959923,1.3527575241,1.4351466106
OG0004478,1.2183237571999999,1.7903460752,5.4696866177,4.8382657641
OG0004482,0.2465675068,0.3560776733,0.4946421913,0.3386880482
OG0004483,0.6601891894,1.1002199018,1.7098555,1.4231315287
OG0004484,0.6453242704,0.7802895851,0.8518059721,0.9149064676
OG0004485,0.1338516095,0.1405425502,0.19649000449999998,0.2170085068
OG0004486,0.2750312537,0.2800517078,0.3898276369,0.4272282713
OG0004487,0.10367942420000001,0.1557109258,0.3184898001,0.30268223780000003
OG0004488,0.5094824592,0.444466353,1.1511470922,1.1569177796
OG0004490,0.1838512351,0.25571934129999996,0.38901406550000006,0.41540133900000004
OG0004492,0.2469294837,0.3028193643,0.4663623144,0.47124235189999997
OG0004494,0.9768805229,0.7005535513000001,1.3320111155,1.5646693042000002
OG0004496,0.4491479935,0.5240811888,0.7387334211,0.9064015225
OG0004497,0.3191646557,0.4831486933,0.4491849914,0.5685133782
OG0004498,0.7050645833,1.7149898727,1.3939330167000001,1.141394176
OG0004499,0.1507619469,0.2564574663,0.6707096763,0.6115206629000001
OG0004501,1.1670146635999998,0.865658203,2.1210780519,2.3554664411
OG0004502,0.049132365299999994,2e-06,0.0220725417,0.044683112299999994
OG0004503,0.9224846875,0.8995599556,1.7150650305,1.6923428893999999
OG0004504,0.2813036877,0.4150986072,0.7449415699999999,0.8715409446
OG0004505,0.5323439126,0.5257422040999999,0.8344677439,0.7937740273
OG0004509,1.1759416161,1.113944016,1.3040921147,1.7057514803
OG0004512,0.4872279952,0.42920695649999996,1.1080065061,1.1450304758
OG0004513,0.04707652,0.144124797,0.253692721,0.2964521854
OG0004515,0.3973194804,1.4777912387,1.3691710348000001,1.6878301405
OG0004516,0.2711815291,0.3176522232,0.5744770966,0.6886605141
OG0004517,0.2177197721,0.1966327303,0.3892090356,0.5057762069
OG0004519,0.48344306140000004,0.6270564987,1.177046028,0.8708053890999999
OG0004520,0.21906908819999998,0.1577334808,0.4150418313,0.395182601
OG0004521,1.0803540004999999,0.9983403385,1.9777517141,1.5363318879
OG0004522,0.1784213155,0.2282459174,0.5560106391,0.6062657613
OG0004524,1.5439525336000002,2.0646458775,1.5118264428,1.6942038388
OG0004525,0.5666834648,0.34085510880000003,0.573189164,0.6776327876999999
OG0004526,0.3473546154,0.503792614,0.8693487017999999,0.954160961
OG0004527,0.4907753079,0.7446589961,0.7639404674999999,0.9169501053
OG0004528,0.2032908842,0.21938988480000002,0.42000621930000004,0.5797742446
OG0004531,0.9192529908,2.0251236901,0.573467801,0.5992900490999999
OG0004534,0.3555849876,0.41689771200000003,0.7894151992,0.6924409078
OG0004535,0.7365779282,0.715181448,1.4587929799000001,1.4424243079
OG0004536,0.32147124309999997,0.3604496901,0.8314422264000001,0.7916314943
OG0004537,0.9109263243000001,0.6028391992,1.5382127598,2.3715214229
OG0004540,0.1042616049,0.1515934551,0.49394841180000004,0.36073191120000003
OG0004541,0.186392469,0.2691655935,0.2826673039,0.3444923735
OG0004543,0.5071845261000001,0.7877849899,1.7259300159,1.2438245478
OG0004545,0.7795287772,0.9117042003,1.6973052488999998,1.5530606229
OG0004546,0.8868929508000001,0.8327955974,1.1821778437,1.0684711545
OG0004547,0.2706269133,0.6201711755,0.5568686958,0.5219626218
OG0004549,0.2481080054,0.27343427750000004,0.6327858906999999,0.6238030243
OG0004550,0.150542823,0.14863591650000002,0.2970141961,0.25271255989999997
OG0004551,0.43104466760000004,0.2282557974,0.7226578226,0.7148274423000001
OG0004552,0.429865035,0.3379145166,0.5510938608,0.8169235765
OG0004553,0.1428053826,0.2495311789,0.6033483505999999,0.5251480264
OG0004554,0.6841205222,0.8421367258,1.8117046435,1.7325582176999998
OG0004556,0.2954668337,0.4768600853,0.5922231481,0.6327172563000001
OG0004557,0.7245275885,0.5682871627999999,1.4996018371,1.7152766004
OG0004559,0.4915895184,0.35979554420000004,0.8139996286,0.9496706121999999
OG0004560,0.2074735039,0.0976179537,0.2984852555,0.23285193440000002
OG0004561,0.4176558291,0.4684139371,0.7215816427999999,0.7341476884
OG0004562,0.4776431468,0.266530501,0.35164821809999997,0.3345599715
OG0004563,0.3137440808,0.6927264539,0.8278217588,0.8801735412
OG0004565,0.3534441861,0.3377363951,0.8274718466,1.3332384373
OG0004566,0.4398237415,0.4447194419,0.7985373912,0.8791668729
OG0004567,0.0943122299,0.244323811,0.2505927191,0.27901311679999996
OG0004571,0.2902742956,0.2044968758,0.8832892169,0.6882710995
OG0004572,0.7988922386,0.4044360161,0.6303033839,0.6397012758999999
OG0004573,0.2798514939,0.7325907813000001,0.9005813637,0.7853630003000001
OG0004574,0.2697681004,0.3986884162,0.7088629168,0.8336222955
OG0004576,0.3984634311,0.2335562665,0.4802880067,0.7033681025
OG0004578,1.1516990048,0.44467637569999996,0.5297395435,0.5632018202
OG0004579,0.1620937764,0.26489709959999996,0.32922780620000003,0.28224464169999997
OG0004580,0.3321526737,1.276581412,1.0625558374,1.162248119
OG0004581,1.092540039,1.2043015985999999,1.681685065,2.5222772024999998
OG0004584,0.3961588305,0.3012449865,0.4113691896,0.5606290788
OG0004585,0.4719713791,0.3176704498,0.909700602,0.8181572357
OG0004587,0.4091805073,0.220719578,0.5329989543,0.8765570465
OG0004588,0.0817136872,0.16997329719999998,0.3094713013,0.2889681199
OG0004590,0.3056747097,0.45841474000000004,0.6994752568,0.7789090013
OG0004592,0.2792229012,0.3389848466,0.5674600501,0.5751945789999999
OG0004594,1.0154938184,1.4976670118,1.5654700526999998,1.3944656964
OG0004595,0.5349119252,0.7793030879,1.2428434384,1.3692929221
OG0004596,0.2696850778,0.3101469269,0.4800727109,0.4669719188
OG0004597,0.294585712,0.28610605359999997,0.5452914619,0.6031728657
OG0004598,0.0497834935,0.10357728790000001,0.15702644300000002,0.1339914229
OG0004599,0.4287134951,0.4387527307,0.7683688054,0.8558621613999999
OG0004601,0.5199191867,0.8345498133,1.7567244454,1.4357397399999998
OG0004602,1.618028576,2.4794789827,1.3531906003,1.7883023697999998
OG0004603,0.2606707909,0.3629005036,0.5905491177,0.6712889612
OG0004604,0.11743963630000001,0.0852708601,0.1401281913,0.1669790503
OG0004606,0.2702075089,0.2280298125,0.6508472684,0.7460276377999999
OG0004607,0.6350891646,0.4471304323,0.606497958,0.7823443017
OG0004608,0.0861682233,0.4592119423,0.3644016199,0.4138793322
OG0004609,0.1216703545,0.21288276379999999,0.2483630773,0.2941458971
OG0004610,0.5468485386999999,0.6397609126999999,1.5420601413,1.61069153
OG0004611,0.7242237944000001,0.6728746913,1.3807891398,1.6148242464
OG0004612,0.254371324,0.25900988690000004,0.5242577230000001,0.4373488011
OG0004613,1.8378344983000001,0.32373036860000004,0.3741366191,0.4658042483
OG0004614,0.3409969516,0.3672088307,0.9152008245000001,0.9420556742
OG0004615,0.5432817698,0.5595134908,1.1057258013000002,1.0769814221
OG0004616,0.2709706018,0.1028774226,0.7011522973000001,0.6817085425
OG0004618,1.2156473132999999,1.40392412,2.3761844316,1.8962761955
OG0004620,0.3722709307,0.5821190949,0.9709143865000001,1.0542885363
OG0004621,0.5682964167,0.8179015833,0.7938244663999999,1.1415402763
OG0004623,0.1951913942,0.23819912599999998,0.4303699274,0.4530767404
OG0004625,0.0910539464,0.0710180282,0.21112649229999997,0.2496765205
OG0004626,0.25169738340000003,0.3150181776,0.46516609080000004,0.5224625195
OG0004627,0.3342191328,0.3504706897,1.0301374006,0.9573264602
OG0004628,0.3113213013,0.3201696475,0.4583944091,0.5109578056
OG0004629,0.2630129607,0.3151939456,0.5775454274,0.5629746326
OG0004630,0.18755600179999998,0.0881706786,0.1700838413,0.1595370622
OG0004631,0.514740329,1.3113906604,1.7446784675,1.4935880032
OG0004632,0.43736701359999997,0.5558284647,0.540349916,0.6236028124
OG0004634,0.3041958991,0.2127699363,0.4736340499,0.5022158815
OG0004638,0.5398618417000001,0.7100352728999999,1.0262289381,1.0719155005
OG0004640,2.4231406046000004,1.1660961711,2.9442061209,3.7555345598
OG0004641,0.5466546179,0.6870686336,1.0489689864,0.9951883765
OG0004642,0.3587820454,0.4300129635,0.8243013508000001,0.7090088023000001
OG0004643,0.3464445296,0.1994374246,0.4607733004,0.5417931091
OG0004644,0.7526556139,0.7439973041,1.4025761006000002,1.313960243
OG0004645,0.1392542514,0.1782092761,0.2474652831,0.30377440990000004
OG0004646,0.3999404962,0.2741330946,0.4323956422,0.3779751737
OG0004647,0.7635514719,0.3943133199,0.6911846293,0.8449475117
OG0004650,0.2821302041,0.5886120067,0.877638574,0.8238680019
OG0004652,0.45576221429999997,0.19548265069999998,0.5024479813,0.4730808198
OG0004653,1.4226342033,1.4775252897,2.422074954,2.0799452759
OG0004654,0.8676656306999999,0.4863668146,0.8510688321000001,0.8317479548
OG0004656,1.1207119336,0.7710701095,0.5258182139,0.4794063108
OG0004657,0.6049345335,0.47159199519999995,0.9025616059999999,0.8009258150999999
OG0004658,0.3520650986,0.183914802,0.45110470589999996,0.2460985198
OG0004659,2.97019331,2.9216225872,3.3379220039,3.9742913678000003
OG0004660,0.4586831078,0.7861124364000001,0.9433395037000001,1.0834403113
OG0004662,0.4638954129,0.4153721885,1.0226146333,0.977788238
OG0004663,0.0100351421,0.0551031288,0.0432109823,0.1015514642
OG0004664,0.1168178328,0.16211431240000002,0.5623064705999999,0.5269855387
OG0004665,0.0731621619,0.0713729275,0.1716971687,0.2293692
OG0004666,0.3247338433,0.5515386886,1.0163470225000002,0.8651346696000001
OG0004667,0.2839850964,0.4201157634,0.6622907039,0.6082271706
OG0004668,0.4397312552,0.7719060128999999,1.0324862012,0.9357188726999999
OG0004669,0.1943787146,0.202423185,0.395315604,0.43904832530000004
OG0004670,0.3887981132,0.47285102,0.744792384,0.6049101572
OG0004671,0.103356113,0.1121436881,0.1575224156,0.21933668109999999
OG0004672,0.4176100974,0.6519146313999999,0.8369204209000001,0.7769054185000001
OG0004673,0.6618636947000001,1.0607301258000001,1.3034332268000002,1.5037077056
OG0004674,0.1747042589,0.1472718364,0.20985935049999999,0.223531217
OG0004675,0.5587375779,0.7564943929000001,0.764131009,0.8078890612
OG0004677,0.5723282666,1.110885183,1.8850946888000002,2.2162867705
OG0004678,0.7223223464,0.4692350456,1.5109257695,1.4410690805000002
OG0004681,0.5620539048000001,0.5058999989,0.7385551505000001,0.6801370736000001
OG0004682,0.47601948260000004,0.8443350274999999,0.700602046,0.8869848164
OG0004683,0.2675539264,0.1840501382,0.706351495,0.7605480763000001
OG0004685,0.16815515209999998,0.30023714420000003,0.9164285002,0.9635699345
OG0004686,0.4310032892,0.5727843457999999,1.0051428538999998,1.1154049301
OG0004688,0.0996962992,0.1651949376,0.13539758759999998,0.221380838
OG0004689,0.200240331,0.1302307271,0.7605047652,0.9719790756
OG0004691,0.1524229894,0.2025458937,0.4501812715,0.39004266499999996
OG0004693,0.1709427271,0.19981049210000001,0.3723171051,0.33148791629999996
OG0004695,0.5657710523,0.6456272935,1.3485573364999999,1.4864304812
OG0004696,0.1936011094,0.1890487602,0.5224294024,0.5636602823000001
OG0004697,0.154024565,0.17081420349999998,0.39757792550000004,0.40337190580000004
OG0004698,0.46353138039999997,0.48261541069999997,0.8826864565,0.7376077982
OG0004701,0.4925882277,0.6766578316,0.7190940042,0.9879783564
OG0004703,1.0938006376,0.6053791872000001,0.9163472241,0.8934723496
OG0004706,1.0611284491,1.1364019752,1.3542726402,1.257523317
OG0004708,0.8130514548,0.6061420056,0.8021570668,0.6974723412999999
OG0004709,0.5046093612,0.49162126559999997,0.6335025033,0.6203246343
OG0004710,0.4342776803,0.2582343295,0.6573855200000001,0.7567670936
OG0004711,1.4207432145,1.7093242615,1.6438598571,2.132196348
OG0004715,1.1603322045,0.8134531177,1.7886604413,1.6967474227000001
OG0004716,0.1627554622,0.25229415909999997,0.2394400022,0.23855945900000003
OG0004719,0.3210787019,0.6380255975,0.5528510034,0.5941291583
OG0004720,0.8535255178,0.6121544464,1.4541412509,1.748012847
OG0004726,0.6743625807,0.7525709327,1.3379232673,1.4747202972000002
OG0004727,1.0209177468,0.39411682989999997,0.7911004779999999,0.9953038024
OG0004728,0.062474087,0.1188184636,0.3159787182,0.3303868451
OG0004729,0.4690840309,0.5223221563,0.7850513485999999,0.7491324603
OG0004730,0.3443547742,0.5129310507,1.1341858404,0.9755181355
OG0004731,0.44572837,0.6015364607,0.8093009899,0.6522261433000001
OG0004732,0.31809672219999996,0.9302390277,1.1478592596000001,1.4685469764999999
OG0004733,1.0201240631,0.6727541319,1.1899579228,1.5139328328000001
OG0004734,0.2191056053,0.3992023636,0.36440350320000003,0.371035856
OG0004735,1.0909991597,0.4860731474,1.2218181547,1.2071248601
OG0004736,0.5772744590000001,0.6811323015999999,2.8662807569,3.0253624105
OG0004737,0.2059010849,0.2094963747,0.42809116540000003,0.3962776923
OG0004738,0.5599766781,0.8250591904,1.3345928378,1.226077878
OG0004739,0.6167011287999999,0.459477452,1.3689025331,1.3929514382
OG0004740,0.21092162390000002,0.2834655924,0.5285684405,0.5161247121
